"Li7_Ca43_umol_mol","X_B11_Ca43_mmol_mol","X_Mg24_Ca43_mmol_mol","P31_Ca43_mmol_mol","S34_Ca43_mmol_mol","K39_Ca43_mmol_mol","X_Mn55_Ca43_umol_mol","X_Cu63_Ca43_umol_mol","X_Zn66_Ca43_umol_mol","X_Sr88_Ca43_mmol_mol","X_Ba138_Ca43_umol_mol","Pb208_Ca43_umol_mol","time"
"6.200","0.064","0.289","1.377","0.897","0.649","4.206","0.597","15.265","3.853","3.463","0.101",40.615
"6.013","0.067","0.286","1.364","0.945","0.655","3.929","0.569","16.165","3.872","3.312","0.095",40.965
"4.525","0.065","0.286","1.439","0.995","0.670","3.365","0.457","16.527","3.912","2.820","0.080",41.315
"4.373","0.066","0.295","1.444","1.039","0.696","3.255","0.529","17.514","3.853","2.682","0.078",41.665
"4.622","0.064","0.301","1.461","1.057","0.701","3.057","0.562","17.450","3.908","2.624","0.060",42.015
"5.209","0.064","0.306","1.333","1.047","0.688","2.839","0.699","18.129","3.876","2.607","0.057",42.365
"5.660","0.065","0.312","1.369","1.042","0.694","2.587","0.747","18.285","3.861","2.542","0.067",42.715
"5.102","0.068","0.299","1.272","0.984","0.676","2.453","0.839","17.499","3.725","2.475","0.061",43.065
"4.374","0.069","0.290","1.275","0.961","0.666","2.803","0.820","17.976","3.666","2.533","0.051",43.415
"5.140","0.067","0.283","1.192","0.967","0.666","2.804","0.766","17.869","3.650","2.519","0.030",43.766
"5.010","0.064","0.294","1.205","1.012","0.694","2.838","0.625","18.034","3.722","2.667","0.038",44.116
"5.077","0.058","0.295","1.171","1.046","0.714","2.705","0.539","17.928","3.667","2.574","0.035",44.466
"3.621","0.058","0.302","1.221","1.044","0.718","2.573","0.536","16.354","3.559","2.542","0.031",44.816
"4.362","0.060","0.303","1.207","1.049","0.722","2.472","0.523","14.694","3.522","2.387","0.023",45.166
"4.842","0.065","0.303","1.177","1.036","0.721","2.332","0.499","10.997","3.500","2.250","0.015",45.516
"5.434","0.063","0.295","1.054","1.060","0.726","2.498","0.480","9.507","3.605","2.234","0.017",45.866
"5.127","0.058","0.289","1.029","1.000","0.728","2.465","0.522","9.450","3.505","2.291","0.015",46.216
"5.252","0.057","0.291","1.022","1.027","0.744","2.615","0.516","9.495","3.447","2.226","0.020",46.566
"5.011","0.055","0.285","1.025","1.013","0.748","2.589","0.499","9.233","3.383","2.135","0.024",46.916
"4.706","0.054","0.290","0.954","1.053","0.750","2.797","0.468","7.788","3.312","1.946","0.025",47.266
"4.037","0.049","0.291","0.948","1.037","0.744","2.582","0.480","6.995","3.338","1.851","0.018",47.616
"3.972","0.050","0.301","0.903","1.052","0.757","2.400","0.555","7.034","3.314","1.875","0.013",47.966
"4.513","0.048","0.292","0.910","1.009","0.763","2.230","0.544","7.708","3.375","1.915","0.019",48.316
"4.574","0.051","0.289","0.910","0.968","0.767","2.407","0.595","8.740","3.325","2.118","0.025",48.666
"4.532","0.051","0.287","0.951","0.941","0.747","2.412","0.540","8.437","3.280","2.134","0.034",49.016
"4.121","0.056","0.300","0.979","0.996","0.751","2.583","0.618","8.177","3.360","2.196","0.032",49.366
"4.613","0.053","0.299","0.972","1.013","0.754","2.638","0.566","8.321","3.348","2.041","0.041",49.716
"4.975","0.054","0.294","0.966","1.037","0.771","2.670","0.619","8.495","3.429","1.944","0.033",50.066
"5.321","0.050","0.284","0.908","0.996","0.771","2.562","0.599","8.982","3.342","2.093","0.038",50.416
"5.978","0.053","0.299","0.880","0.981","0.781","2.581","0.593","10.326","3.397","2.276","0.024",50.766
"5.735","0.049","0.308","0.849","0.958","0.780","2.815","0.467","10.554","3.357","2.318","0.033",51.116
"5.588","0.050","0.304","0.890","0.961","0.783","3.058","0.403","11.598","3.479","2.293","0.026",51.466
"4.926","0.050","0.299","0.898","0.979","0.789","3.037","0.473","11.464","3.423","2.159","0.023",51.816
"4.804","0.049","0.284","0.915","0.949","0.776","3.255","0.524","11.948","3.377","2.205","0.019",52.166
"4.306","0.047","0.287","0.920","0.938","0.783","3.012","0.605","10.551","3.270","2.163","0.012",52.517
"4.474","0.047","0.281","0.882","0.933","0.781","2.927","0.559","7.946","3.282","2.192","0.021",52.867
"4.810","0.046","0.289","0.897","0.968","0.811","2.623","0.556","8.454","3.344","2.275","0.025",53.217
"5.322","0.044","0.287","0.887","0.979","0.812","2.869","0.536","10.936","3.282","2.325","0.039",53.567
"4.824","0.044","0.293","0.916","0.963","0.836","3.168","0.606","15.620","3.390","2.636","0.049",53.917
"4.699","0.046","0.289","0.869","0.971","0.820","3.522","0.591","17.000","3.373","2.836","0.040",54.267
"4.217","0.049","0.285","0.887","0.961","0.817","3.698","0.592","16.493","3.299","2.810","0.034",54.617
"4.218","0.048","0.294","0.869","0.986","0.809","3.698","0.514","15.070","3.200","2.815","0.028",54.967
"4.526","0.048","0.299","0.899","0.958","0.830","3.604","0.482","16.117","3.281","2.873","0.038",55.317
"4.531","0.049","0.306","0.833","0.970","0.830","3.597","0.424","17.523","3.438","2.995","0.041",55.667
"4.152","0.047","0.290","0.888","0.917","0.799","3.945","0.388","18.974","3.399","3.093","0.041",56.017
"3.662","0.047","0.293","0.954","0.927","0.776","4.109","0.443","19.706","3.401","3.238","0.035",56.367
"4.155","0.047","0.296","1.010","0.950","0.793","4.101","0.530","19.353","3.413","3.453","0.036",56.717
"4.571","0.047","0.303","0.994","0.996","0.796","4.074","0.596","18.622","3.436","3.623","0.032",57.066
"4.581","0.049","0.300","0.969","0.991","0.813","4.286","0.614","18.956","3.444","3.952","0.026",57.417
"3.763","0.050","0.300","0.960","1.019","0.831","4.626","0.556","20.674","3.548","4.311","0.026",57.767
"3.737","0.055","0.303","0.927","1.041","0.866","4.570","0.578","21.308","3.582","4.269","0.025",58.117
"3.651","0.052","0.298","0.848","1.056","0.877","4.679","0.564","18.077","3.537","3.853","0.023",58.467
"3.880","0.048","0.292","0.843","1.002","0.837","4.594","0.566","16.157","3.499","3.580","0.026",58.817
"4.610","0.045","0.292","0.852","0.976","0.832","5.145","0.508","16.864","3.550","3.657","0.029",59.167
"4.267","0.047","0.293","0.845","0.954","0.813","4.939","0.507","17.844","3.546","3.647","0.031",59.517
"4.083","0.046","0.295","0.807","0.970","0.826","5.163","0.519","19.515","3.492","3.623","0.024",59.867
"4.140","0.049","0.290","0.796","0.959","0.813","4.983","0.513","18.111","3.507","3.463","0.019",60.217
"4.415","0.050","0.291","0.767","0.952","0.815","5.219","0.569","19.094","3.540","3.523","0.025",60.567
"4.878","0.049","0.292","0.775","0.900","0.803","5.413","0.545","20.394","3.556","3.645","0.035",60.918
"3.652","0.044","0.283","0.747","0.855","0.777","5.246","0.473","22.439","3.477","4.156","0.040",61.268
"3.795","0.044","0.281","0.760","0.854","0.785","5.634","0.432","25.032","3.408","4.477","0.044",61.618
"3.959","0.040","0.280","0.751","0.924","0.793","5.805","0.524","22.838","3.542","4.643","0.033",61.968
"4.592","0.044","0.288","0.782","0.977","0.811","6.108","0.552","20.702","3.680","4.503","0.029",62.318
"4.889","0.040","0.297","0.779","0.977","0.827","6.331","0.652","17.600","3.925","4.341","0.024",62.668
"4.608","0.041","0.301","0.752","0.973","0.826","6.753","0.604","16.861","3.905","4.246","0.024",63.018
"4.266","0.041","0.296","0.751","0.967","0.843","7.170","0.600","14.956","3.931","3.932","0.022",63.368
"4.285","0.040","0.292","0.786","0.993","0.832","7.459","0.450","12.286","3.792","3.611","0.022",63.718
"5.124","0.044","0.291","0.814","0.953","0.824","7.459","0.423","9.458","3.800","3.182","0.021",64.068
"6.019","0.041","0.297","0.786","0.958","0.819","7.579","0.465","8.397","3.659","2.857","0.022",64.418
"5.143","0.043","0.294","0.767","0.972","0.822","7.652","0.505","7.986","3.686","2.578","0.019",64.768
"4.524","0.040","0.287","0.752","0.972","0.840","7.660","0.432","8.179","3.563","2.453","0.020",65.118
"3.864","0.041","0.287","0.713","0.967","0.847","7.797","0.432","9.385","3.618","2.382","0.016",65.468
"4.311","0.041","0.302","0.677","0.958","0.853","7.718","0.328","9.145","3.626","2.386","0.015",65.818
"4.555","0.040","0.309","0.649","0.947","0.845","8.078","0.311","9.084","3.644","2.287","0.012",66.168
"5.671","0.039","0.319","0.680","0.971","0.854","8.209","0.369","8.442","3.716","2.406","0.012",66.518
"5.599","0.037","0.298","0.685","0.941","0.846","8.650","0.490","8.984","3.770","2.536","0.007",66.868
"5.190","0.039","0.303","0.698","0.986","0.869","8.376","0.605","9.275","3.778","2.778","0.006",67.218
"3.875","0.040","0.306","0.658","0.948","0.879","8.585","0.638","8.989","3.781","2.874","0.002",67.568
"4.451","0.042","0.322","0.652","0.983","0.887","8.750","0.594","9.516","3.667","3.432","0.002",67.918
"4.513","0.044","0.332","0.708","0.975","0.877","9.734","0.595","11.393","3.726","3.852","0.006",68.268
"4.826","0.043","0.323","0.768","1.015","0.843","10.448","0.526","14.583","3.762","4.576","0.012",68.618
"4.309","0.039","0.308","0.763","0.988","0.807","10.677","0.513","16.918","3.706","4.779","0.012",68.968
"4.120","0.036","0.297","0.711","0.991","0.786","10.823","0.446","18.640","3.667","5.132","0.012",69.318
"4.253","0.039","0.306","0.713","0.991","0.796","11.190","0.420","17.853","3.642","5.279","0.005",69.669
"4.980","0.038","0.316","0.733","1.011","0.803","11.837","0.451","19.752","3.690","5.510","0.008",70.019
"4.753","0.039","0.322","0.719","0.973","0.786","12.069","0.451","20.354","3.650","5.803","0.013",70.369
"5.425","0.042","0.320","0.666","0.954","0.782","11.866","0.479","25.159","3.650","6.089","0.017",70.719
"4.900","0.042","0.327","0.647","0.909","0.774","11.784","0.431","25.642","3.554","6.490","0.019",71.069
"5.161","0.041","0.320","0.674","0.933","0.766","11.866","0.490","27.073","3.632","6.783","0.016",71.419
"4.845","0.038","0.309","0.690","0.941","0.749","12.164","0.498","25.625","3.518","6.778","0.014",71.769
"4.838","0.040","0.300","0.696","0.965","0.728","11.772","0.554","24.637","3.535","6.716","0.016",72.119
"4.833","0.040","0.289","0.677","0.977","0.721","11.351","0.452","23.345","3.348","6.144","0.012",72.469
"4.005","0.039","0.295","0.682","0.972","0.720","11.005","0.399","20.882","3.371","5.974","0.014",72.819
"4.248","0.039","0.293","0.683","0.941","0.735","10.840","0.375","19.331","3.370","5.754","0.010",73.169
"4.595","0.039","0.311","0.713","0.931","0.754","11.183","0.491","17.658","3.515","5.961","0.010",73.519
"4.680","0.039","0.311","0.688","0.916","0.732","11.121","0.497","17.250","3.502","5.852","0.010",73.869
"5.106","0.038","0.321","0.702","0.970","0.728","11.243","0.537","16.986","3.495","5.868","0.008",74.218
"5.351","0.036","0.312","0.661","0.947","0.713","10.948","0.508","16.418","3.396","5.897","0.011",74.569
"4.935","0.041","0.320","0.676","0.992","0.748","11.411","0.544","14.901","3.380","5.931","0.008",74.919
"4.642","0.040","0.315","0.660","0.976","0.755","11.959","0.492","12.474","3.357","5.561","0.010",75.269
"3.843","0.043","0.315","0.684","0.990","0.779","11.887","0.403","12.089","3.358","5.433","0.004",75.619
"4.699","0.039","0.310","0.679","0.988","0.789","11.702","0.497","13.241","3.333","5.525","0.005",75.969
"4.994","0.041","0.311","0.705","0.988","0.798","11.246","0.534","16.564","3.386","5.964","0.008",76.319
"5.474","0.040","0.311","0.677","1.015","0.790","11.671","0.604","18.114","3.324","5.989","0.014",76.669
"6.079","0.040","0.319","0.691","1.002","0.771","11.382","0.525","17.525","3.309","5.864","0.010",77.019
"5.485","0.042","0.323","0.647","1.001","0.778","11.988","0.489","15.295","3.292","5.647","0.006",77.369
"5.785","0.039","0.333","0.651","0.990","0.779","11.971","0.461","12.067","3.421","5.177","0.006",77.719
"6.394","0.041","0.319","0.644","0.940","0.766","12.592","0.442","11.131","3.415","4.663","0.005",78.07
"6.586","0.038","0.319","0.643","0.956","0.759","12.396","0.441","9.940","3.388","4.238","0.007",78.42
"6.323","0.039","0.314","0.642","0.934","0.747","12.547","0.476","9.717","3.277","4.128","0.007",78.77
"5.230","0.038","0.320","0.647","0.968","0.757","12.581","0.554","8.969","3.323","4.164","0.008",79.12
"5.018","0.042","0.317","0.667","0.947","0.747","12.566","0.521","9.138","3.369","4.129","0.008",79.47
"4.609","0.046","0.324","0.667","0.966","0.768","12.676","0.510","9.497","3.434","4.098","0.010",79.82
"5.082","0.045","0.319","0.632","0.945","0.778","12.276","0.475","8.991","3.434","4.125","0.012",80.17
"5.256","0.041","0.322","0.616","0.983","0.795","12.392","0.457","8.029","3.390","3.931","0.012",80.52
"5.509","0.038","0.328","0.628","0.993","0.786","11.860","0.409","7.472","3.451","3.766","0.005",80.87
"4.962","0.038","0.341","0.623","1.013","0.787","11.320","0.403","8.688","3.431","3.839","0.004",81.22
"4.515","0.042","0.345","0.582","0.979","0.801","10.786","0.408","10.216","3.501","4.167","0.001",81.57
"4.866","0.043","0.335","0.539","0.966","0.821","10.205","0.419","11.377","3.421","4.248","0.002",81.92
"4.503","0.042","0.329","0.552","0.995","0.823","9.540","0.426","10.251","3.429","4.031","0.002",82.27
"5.302","0.037","0.319","0.593","1.006","0.806","8.894","0.499","9.622","3.402","3.566","0.006",82.62
"5.115","0.035","0.323","0.583","0.999","0.856","8.451","0.540","8.435","3.377","3.486","0.007",82.97
"5.900","0.035","0.323","0.560","0.955","0.857","8.225","0.516","9.451","3.347","3.612","0.009",83.32
"6.392","0.036","0.323","0.535","0.955","0.848","7.555","0.513","11.029","3.304","3.869","0.017",83.67
"6.333","0.037","0.313","0.530","0.921","0.772","6.825","0.473","13.102","3.323","4.009","0.015",84.02
"6.005","0.037","0.314","0.532","0.918","0.775","6.148","0.484","13.470","3.406","3.914","0.015",84.37
"6.218","0.039","0.316","0.493","0.879","0.786","5.493","0.469","12.865","3.373","3.803","0.007",84.72
"6.466","0.038","0.327","0.502","0.910","0.805","5.110","0.545","11.968","3.421","3.648","0.004",85.07
"6.924","0.040","0.334","0.492","0.922","0.817","4.728","0.462","11.638","3.368","3.487","0.004",85.42
"6.647","0.042","0.336","0.509","0.979","0.823","4.644","0.436","9.934","3.451","3.290","0.004",85.77
"7.288","0.041","0.333","0.487","0.984","0.809","4.440","0.451","8.894","3.480","3.254","0.015",86.12
"7.224","0.039","0.322","0.474","0.975","0.792","4.600","0.555","9.046","3.497","3.039","0.018",86.47
"6.505","0.032","0.336","0.456","0.965","0.803","4.540","0.538","9.373","3.479","3.011","0.017",86.821
"5.741","0.030","0.328","0.430","0.941","0.822","4.635","0.394","9.513","3.483","2.899","0.006",87.171
"5.766","0.028","0.323","0.399","0.916","0.812","4.506","0.443","7.588","3.427","2.861","0.002",87.521
"5.966","0.032","0.309","0.411","0.909","0.829","4.713","0.431","6.040","3.443","2.689","0.005",87.871
"6.174","0.036","0.318","0.422","0.936","0.837","5.076","0.541","5.038","3.445","2.469","0.006",88.221
"5.843","0.039","0.324","0.448","0.961","0.873","5.387","0.454","5.747","3.506","2.404","0.007",88.571
"6.237","0.038","0.319","0.427","0.929","0.845","5.331","0.551","7.226","3.552","2.201","0.002",88.921
"6.349","0.036","0.312","0.414","0.888","0.813","4.684","0.499","6.992","3.470","1.991","0.008",89.271
"6.581","0.036","0.323","0.407","0.872","0.828","5.090","0.424","6.333","3.599","1.998","0.007",89.621
"5.940","0.037","0.328","0.410","0.897","0.865","5.351","0.320","5.479","3.593","2.031","0.012",89.971
"5.565","0.036","0.341","0.408","0.926","0.936","6.240","0.274","5.718","3.757","2.122","0.008",90.321
"5.237","0.033","0.341","0.417","0.948","0.937","5.648","0.313","5.511","3.641","1.948","0.008",90.671
"5.707","0.031","0.335","0.410","0.932","0.913","5.859","0.393","5.445","3.629","1.902","0.008",91.021
"5.763","0.034","0.333","0.442","0.946","0.872","5.908","0.463","5.064","3.600","1.752","0.011",91.37
"6.827","0.033","0.331","0.397","0.970","0.862","6.576","0.467","5.089","3.645","1.698","0.016",91.721
"6.666","0.034","0.345","0.402","0.997","0.898","6.775","0.472","4.815","3.716","1.611","0.011",92.071
"5.989","0.035","0.338","0.408","0.977","0.911","7.028","0.422","4.741","3.723","1.739","0.011",92.421
"5.506","0.035","0.342","0.423","0.967","0.927","7.233","0.594","4.520","3.731","1.814","0.004",92.771
"5.267","0.035","0.353","0.412","1.009","0.915","7.725","0.616","4.334","3.737","1.805","0.006",93.121
"5.652","0.031","0.355","0.383","1.004","0.908","7.979","0.667","3.752","3.665","1.634","0.004",93.471
"5.431","0.033","0.366","0.390","1.041","0.921","8.137","0.537","3.155","3.658","1.521","0.005",93.821
"6.330","0.033","0.341","0.396","0.999","0.926","8.051","0.551","2.948","3.623","1.480","0.006",94.171
"7.089","0.033","0.342","0.371","1.017","0.942","8.008","0.585","3.742","3.611","1.467","0.011",94.521
"6.983","0.031","0.336","0.357","0.973","0.928","7.846","0.530","4.552","3.565","1.370","0.009",94.871
"7.112","0.028","0.341","0.343","0.993","0.914","7.710","0.474","4.780","3.479","1.383","0.011",95.222
"6.909","0.029","0.353","0.344","1.002","0.935","7.671","0.352","4.415","3.532","1.418","0.003",95.572
"6.903","0.028","0.349","0.328","1.023","0.961","7.843","0.401","3.596","3.579","1.411","0.007",95.922
"5.897","0.029","0.347","0.338","0.980","0.959","7.947","0.300","3.490","3.558","1.464","0.006",96.272
"6.609","0.029","0.348","0.359","1.035","0.991","8.454","0.347","3.800","3.472","1.430","0.011",96.622
"6.487","0.031","0.343","0.396","1.040","0.985","8.889","0.397","4.140","3.397","1.574","0.013",96.972
"7.107","0.031","0.352","0.368","1.092","1.016","9.272","0.592","4.239","3.519","1.466","0.019",97.322
"6.412","0.030","0.333","0.365","1.006","0.947","8.585","0.606","3.500","3.560","1.443","0.019",97.672
"7.008","0.030","0.335","0.344","0.990","0.922","8.373","0.506","3.991","3.597","1.316","0.020",98.022
"7.008","0.033","0.338","0.338","0.992","0.919","8.126","0.390","4.691","3.531","1.380","0.016",98.372
"7.513","0.034","0.352","0.303","1.031","0.958","8.796","0.401","5.089","3.467","1.338","0.016",98.722
"7.219","0.034","0.356","0.325","1.059","0.974","8.888","0.443","4.529","3.472","1.361","0.011",99.072
"6.994","0.032","0.352","0.355","1.030","0.976","9.537","0.488","3.468","3.515","1.363","0.010",99.422
"6.053","0.032","0.349","0.396","1.031","0.977","10.113","0.453","3.293","3.652","1.379","0.008",99.772
"6.398","0.030","0.353","0.377","1.023","0.979","10.762","0.357","3.932","3.623","1.445","0.009",100.122
"5.866","0.031","0.352","0.350","1.036","0.967","11.701","0.349","4.126","3.561","1.467","0.011",100.472
"6.349","0.034","0.350","0.337","1.025","0.974","12.827","0.418","4.174","3.429","1.559","0.011",100.822
"5.716","0.034","0.340","0.327","0.993","0.960","14.074","0.498","3.648","3.331","1.400","0.012",101.172
"5.633","0.034","0.342","0.348","0.984","0.986","14.692","0.464","3.146","3.266","1.297","0.009",101.522
"4.586","0.026","0.315","0.310","0.889","0.902","13.437","0.391","2.897","3.040","1.205","0.013",101.872
"4.689","0.024","0.316","0.306","0.882","0.913","12.940","0.353","2.937","3.016","1.315","0.014",102.222
"4.719","0.023","0.314","0.300","0.848","0.913","12.638","0.377","2.840","2.998","1.374","0.011",102.572
"6.051","0.027","0.355","0.304","0.940","1.002","13.537","0.383","2.832","3.244","1.543","0.004",102.922
"5.675","0.027","0.362","0.316","0.938","1.026","13.395","0.426","2.543","3.200","1.449","-0.001",103.272
"6.281","0.026","0.356","0.342","0.959","1.018","13.225","0.471","2.960","3.172","1.345","0.000",103.622
"5.963","0.028","0.338","0.362","0.959","1.007","13.009","0.461","3.309","3.104","1.407","0.000",103.973
"5.739","0.027","0.331","0.340","1.000","1.003","12.681","0.422","3.412","3.138","1.537","0.000",104.323
"5.321","0.031","0.340","0.302","1.010","1.016","11.873","0.355","3.609","3.186","1.776","0.008",104.673
"4.902","0.030","0.345","0.296","1.008","1.006","11.167","0.452","3.003","3.129","1.719","0.011",105.023
"5.970","0.033","0.351","0.303","0.997","1.022","10.645","0.443","3.375","3.203","1.801","0.010",105.373
"5.921","0.029","0.355","0.313","0.988","1.000","10.287","0.435","4.076","3.231","1.781","0.001",105.723
"5.587","0.030","0.354","0.305","0.989","0.995","10.341","0.322","4.641","3.241","1.867","0.001",106.073
"4.593","0.029","0.354","0.301","0.968","0.948","10.755","0.392","4.530","3.173","1.878","0.004",106.423
"4.507","0.029","0.347","0.301","1.011","0.971","11.494","0.398","4.080","3.131","1.842","0.009",106.773
"5.193","0.028","0.337","0.327","1.022","0.984","11.491","0.498","3.922","3.071","1.728","0.009",107.123
"6.102","0.031","0.342","0.336","1.064","1.006","12.284","0.457","4.238","3.110","1.845","0.015",107.473
"6.103","0.029","0.350","0.327","1.019","1.000","12.673","0.453","5.007","3.099","1.985","0.013",107.823
"5.501","0.029","0.354","0.302","0.995","1.009","13.437","0.354","5.507","3.139","2.101","0.012",108.173
"4.584","0.029","0.349","0.305","0.978","1.034","13.010","0.459","5.058","3.063","1.991","0.011",108.522
"5.273","0.033","0.344","0.290","1.004","1.042","12.835","0.396","3.773","3.023","1.938","0.011",108.873
"5.319","0.033","0.349","0.307","0.986","1.028","12.544","0.465","3.586","3.012","1.898","0.013",109.223
"5.601","0.030","0.344","0.294","0.975","0.991","13.241","0.314","4.347","3.008","1.975","0.011",109.573
"5.207","0.025","0.318","0.311","0.952","0.947","13.138","0.348","5.347","2.935","1.835","0.014",109.923
"4.971","0.026","0.312","0.319","0.965","0.962","13.304","0.319","5.264","3.010","1.830","0.014",110.273
"5.734","0.028","0.318","0.328","0.984","1.000","12.755","0.361","4.259","3.057","1.752","0.011",110.623
"5.833","0.029","0.342","0.327","0.998","1.022","12.704","0.446","3.616","3.125","1.902","0.004",110.973
"6.575","0.028","0.361","0.297","0.987","1.046","12.559","0.452","3.849","3.128","1.884","0.004",111.323
"5.245","0.028","0.373","0.293","1.011","1.047","12.229","0.385","4.252","3.115","1.937","0.001",111.673
"5.354","0.029","0.369","0.290","0.983","1.070","12.128","0.398","4.435","3.103","1.891","0.004",112.023
"5.472","0.029","0.361","0.288","0.985","1.049","11.766","0.340","4.385","2.947","1.934","0.009",112.374
"5.865","0.029","0.341","0.278","0.957","1.037","11.752","0.376","4.326","2.923","1.934","0.019",112.724
"5.956","0.031","0.348","0.276","0.994","1.056","11.804","0.396","5.213","2.929","2.068","0.021",113.074
"5.697","0.029","0.339","0.299","0.955","1.042","11.868","0.486","5.747","2.976","2.109","0.013",113.424
"6.016","0.028","0.353","0.308","0.950","1.040","11.767","0.547","6.037","2.935","2.132","0.007",113.774
"6.103","0.024","0.353","0.309","0.906","1.030","11.412","0.561","5.207","2.888","2.024","0.009",114.124
"5.716","0.025","0.364","0.314","0.954","1.052","11.691","0.541","5.171","3.055","2.156","0.016",114.474
"4.971","0.024","0.350","0.324","0.947","1.036","12.443","0.503","6.299","3.073","2.157","0.024",114.824
"4.809","0.028","0.347","0.326","0.992","1.011","13.771","0.517","7.604","3.126","2.283","0.025",115.174
"4.948","0.028","0.346","0.330","1.013","0.991","14.944","0.567","7.833","3.013","2.118","0.021",115.524
"5.096","0.029","0.350","0.317","1.039","1.021","16.004","0.557","7.064","3.085","2.049","0.022",115.874
"4.548","0.026","0.354","0.312","1.005","1.045","16.481","0.415","5.851","3.098","2.016","0.027",116.224
"5.049","0.026","0.347","0.294","0.985","1.071","17.816","0.421","6.132","3.147","2.044","0.035",116.574
"6.352","0.027","0.346","0.305","0.977","1.058","18.215","0.489","6.594","3.114","2.141","0.034",116.924
"6.142","0.030","0.353","0.311","1.044","1.078","19.425","0.510","7.819","3.184","2.136","0.038",117.274
"5.865","0.028","0.355","0.299","1.053","1.067","19.275","0.431","8.290","3.116","2.212","0.029",117.624
"4.934","0.029","0.360","0.287","1.046","1.083","19.510","0.322","8.383","3.121","2.216","0.019",117.974
"5.603","0.027","0.349","0.275","1.024","1.063","19.414","0.357","8.211","3.083","2.349","0.013",118.324
"5.521","0.029","0.353","0.289","1.040","1.079","19.614","0.346","9.662","3.203","2.583","0.025",118.674
"5.546","0.027","0.347","0.291","1.058","1.058","19.565","0.390","10.910","3.196","2.876","0.031",119.024
"5.843","0.026","0.346","0.291","0.997","1.016","19.161","0.421","12.555","3.130","3.065","0.043",119.374
"6.733","0.025","0.342","0.275","0.980","0.986","18.598","0.495","13.419","3.110","3.308","0.061",119.724
"7.523","0.025","0.348","0.306","0.965","1.014","18.561","0.526","15.648","3.180","3.578","0.076",120.074
"7.252","0.026","0.339","0.337","0.975","1.028","18.609","0.550","18.281","3.210","3.833","0.081",120.424
"6.876","0.027","0.340","0.376","0.980","1.030","18.654","0.526","19.281","3.172","3.735","0.067",120.774
"6.288","0.025","0.339","0.370","0.956","0.987","18.430","0.565","19.297","3.081","3.542","0.061",121.125
"6.246","0.027","0.350","0.372","0.973","0.983","18.757","0.485","17.916","3.118","3.215","0.055",121.475
"6.045","0.028","0.352","0.358","0.954","0.978","19.410","0.392","16.778","3.132","3.243","0.057",121.825
"5.856","0.028","0.345","0.337","0.973","0.964","20.385","0.311","14.916","3.166","2.835","0.076",122.175
"6.449","0.026","0.353","0.336","0.982","0.971","21.955","0.431","12.408","3.221","2.718","0.075",122.525
"6.409","0.026","0.353","0.320","0.981","0.958","21.988","0.504","10.223","3.233","2.463","0.076",122.875
"6.559","0.029","0.369","0.342","0.984","1.003","22.105","0.527","10.384","3.245","2.582","0.060",123.225
"5.784","0.030","0.370","0.343","0.992","1.011","21.056","0.400","11.946","3.219","2.735","0.052",123.575
"5.413","0.029","0.369","0.357","1.012","1.041","22.045","0.410","12.995","3.260","2.813","0.046",123.925
"5.456","0.028","0.369","0.323","1.020","1.012","22.103","0.384","13.787","3.251","2.988","0.037",124.275
"4.952","0.025","0.343","0.288","1.020","1.005","22.077","0.452","14.905","3.200","3.027","0.034",124.625
"5.028","0.026","0.346","0.294","1.011","1.000","21.224","0.403","15.965","3.156","3.213","0.034",124.975
"6.187","0.026","0.339","0.304","1.001","1.026","21.310","0.468","16.795","3.231","3.234","0.042",125.325
"7.212","0.030","0.358","0.335","1.000","1.056","20.983","0.454","16.699","3.333","3.308","0.041",125.674
"8.055","0.029","0.355","0.318","0.987","1.061","20.363","0.604","17.296","3.269","3.126","0.044",126.025
"8.359","0.029","0.350","0.311","0.973","1.060","19.608","0.606","15.620","3.209","2.984","0.045",126.375
"8.854","0.028","0.349","0.323","1.010","1.053","18.820","0.630","14.806","3.145","2.970","0.046",126.725
"7.359","0.031","0.333","0.320","1.012","1.042","18.432","0.532","13.098","3.208","2.827","0.048",127.075
"6.229","0.030","0.344","0.310","1.039","1.048","17.809","0.440","12.815","3.256","2.978","0.046",127.425
"5.613","0.028","0.336","0.301","0.977","1.023","16.810","0.441","14.014","3.261","2.615","0.064",127.775
"7.377","0.023","0.345","0.303","1.000","1.020","15.979","0.546","13.741","3.196","2.718","0.066",128.125
"8.319","0.022","0.329","0.329","0.970","1.006","15.373","0.591","13.211","3.162","2.722","0.055",128.475
"8.090","0.022","0.335","0.320","0.982","1.027","15.333","0.552","10.679","3.164","2.859","0.036",128.825
"7.960","0.027","0.341","0.310","0.993","1.047","14.967","0.371","9.086","3.191","2.628","0.013",129.175
"6.672","0.031","0.347","0.297","1.038","1.046","14.714","0.428","8.036","3.170","2.402","0.013",129.525
"7.328","0.031","0.351","0.272","1.046","1.063","14.391","0.432","7.732","3.173","2.316","0.012",129.876
"6.906","0.030","0.353","0.283","1.015","1.077","14.542","0.396","8.998","3.198","2.471","0.021",130.226
"7.900","0.029","0.360","0.279","1.007","1.086","14.046","0.347","9.216","3.187","2.558","0.029",130.576
"7.662","0.027","0.348","0.308","0.971","1.051","13.121","0.342","8.281","3.161","2.547","0.028",130.926
"7.454","0.026","0.338","0.307","0.988","1.030","11.982","0.370","7.237","3.097","2.379","0.029",131.276
"6.679","0.024","0.329","0.298","0.978","1.015","11.453","0.378","7.570","3.019","2.216","0.021",131.626
"5.758","0.024","0.325","0.294","0.996","1.014","11.741","0.313","7.418","2.918","2.145","0.025",131.976
"5.949","0.025","0.327","0.271","0.994","1.007","11.588","0.337","8.269","2.933","2.429","0.027",132.326
"5.608","0.026","0.331","0.264","0.993","1.012","11.003","0.357","7.320","2.954","2.375","0.024",132.676
"5.899","0.026","0.339","0.232","1.013","1.031","10.405","0.445","7.579","3.005","2.530","0.021",133.026
"5.505","0.025","0.346","0.238","0.990","1.050","10.723","0.470","6.518","2.986","2.222","0.015",133.376
"6.482","0.027","0.350","0.272","0.972","1.071","11.125","0.449","6.697","2.995","2.233","0.020",133.726
"6.828","0.027","0.352","0.296","0.949","1.089","11.686","0.436","6.232","2.963","2.128","0.021",134.076
"6.441","0.028","0.356","0.294","0.954","1.100","11.406","0.400","5.610","2.962","2.220","0.016",134.426
"5.361","0.026","0.348","0.260","0.905","1.094","11.632","0.432","4.519","2.973","2.090","0.021",134.776
"5.840","0.029","0.346","0.262","0.916","1.079","11.412","0.481","4.218","2.959","1.975","0.016",135.126
"5.751","0.030","0.335","0.291","0.931","1.085","11.671","0.440","4.563","3.040","1.887","0.023",135.476
"5.920","0.032","0.344","0.317","0.965","1.091","11.516","0.452","5.852","3.047","1.905","0.025",135.826
"5.022","0.029","0.339","0.324","0.931","1.074","11.332","0.403","6.798","3.027","1.798","0.039",136.176
"5.873","0.028","0.342","0.308","0.923","1.057","11.239","0.474","7.394","2.983","1.661","0.049",136.526
"6.967","0.027","0.335","0.302","0.958","1.080","11.414","0.468","7.152","3.046","1.651","0.047",136.876
"7.443","0.027","0.348","0.302","0.981","1.108","11.600","0.416","6.994","3.137","1.859","0.039",137.226
"6.711","0.027","0.338","0.313","0.966","1.100","11.130","0.419","5.861","3.112","1.785","0.028",137.576
"5.682","0.026","0.337","0.292","0.960","1.086","10.573","0.367","5.056","3.042","1.749","0.021",137.926
"5.187","0.027","0.326","0.277","0.896","1.079","10.173","0.377","3.887","3.014","1.517","0.011",138.277
"5.348","0.028","0.332","0.257","0.880","1.103","10.255","0.384","3.448","3.054","1.530","0.009",138.627
"4.755","0.033","0.332","0.262","0.901","1.099","10.583","0.441","3.686","3.031","1.515","0.009",138.977
"5.029","0.033","0.340","0.261","0.974","1.118","10.953","0.400","4.765","3.066","1.477","0.016",139.327
"5.426","0.033","0.346","0.241","0.976","1.111","11.547","0.476","6.418","3.080","1.409","0.019",139.677
"5.373","0.030","0.350","0.236","0.951","1.115","12.157","0.441","6.876","3.086","1.418","0.022",140.027
"6.245","0.029","0.345","0.219","0.942","1.105","12.257","0.599","6.713","3.046","1.357","0.036",140.377
"5.904","0.032","0.347","0.224","0.978","1.131","12.573","0.556","5.715","2.958","1.458","0.047",140.727
"6.450","0.033","0.339","0.226","1.008","1.131","12.558","0.628","5.724","2.948","1.425","0.060",141.077
"6.640","0.033","0.341","0.240","1.044","1.138","12.895","0.536","6.028","2.908","1.594","0.051",141.427
"7.130","0.030","0.339","0.261","1.009","1.121","12.070","0.395","7.061","2.892","1.683","0.038",141.777
"7.436","0.030","0.346","0.257","0.929","1.121","11.751","0.387","7.321","2.950","1.809","0.026",142.127
"5.332","0.031","0.349","0.259","0.884","1.124","11.364","0.338","7.509","3.047","1.941","0.024",142.477
"4.663","0.031","0.345","0.254","0.909","1.133","11.304","0.440","7.353","3.115","1.989","0.020",142.827
"4.356","0.032","0.346","0.267","0.950","1.119","10.482","0.465","7.093","3.054","1.948","0.028",143.177
"5.042","0.032","0.353","0.265","0.980","1.108","9.557","0.478","7.224","3.050","1.951","0.030",143.527
"4.576","0.032","0.350","0.274","0.942","1.099","9.172","0.505","7.707","2.966","1.810","0.035",143.877
"4.719","0.029","0.358","0.269","0.925","1.102","8.880","0.491","8.494","3.023","1.855","0.037",144.227
"4.712","0.029","0.346","0.257","0.913","1.108","8.571","0.540","8.351","2.941","1.743","0.040",144.577
"6.068","0.035","0.348","0.220","0.949","1.103","8.468","0.483","8.424","3.001","1.738","0.043",144.927
"5.648","0.033","0.342","0.206","0.952","1.100","8.058","0.423","7.887","2.886","1.678","0.038",145.277
"5.871","0.030","0.347","0.214","0.971","1.130","8.211","0.406","7.904","2.917","1.526","0.046",145.627
"4.738","0.023","0.341","0.205","0.968","1.159","7.624","0.457","7.151","2.912","1.500","0.049",145.977
"4.896","0.026","0.344","0.204","0.986","1.208","8.107","0.445","6.274","3.038","1.422","0.047",146.327
"5.144","0.026","0.347","0.191","0.952","1.182","8.203","0.334","5.310","3.041","1.225","0.032",146.677
"5.001","0.026","0.346","0.223","0.941","1.183","8.312","0.288","4.286","3.102","1.096","0.029",147.028
"4.896","0.023","0.337","0.215","0.942","1.187","8.700","0.316","4.633","3.152","0.953","0.023",147.378
"5.075","0.026","0.336","0.208","0.928","1.212","8.528","0.420","4.983","3.139","1.055","0.026",147.728
"5.605","0.027","0.357","0.200","0.931","1.240","8.884","0.425","5.143","3.168","1.120","0.038",148.078
"5.853","0.030","0.366","0.203","0.969","1.258","8.244","0.456","4.807","3.152","1.188","0.050",148.428
"6.247","0.030","0.364","0.217","1.010","1.251","8.248","0.522","4.607","3.172","1.214","0.046",148.778
"5.980","0.027","0.357","0.210","0.984","1.240","8.030","0.594","4.118","3.132","1.215","0.030",149.128
"6.257","0.028","0.357","0.234","0.936","1.245","7.697","0.591","4.785","3.090","1.193","0.027",149.478
"5.113","0.024","0.350","0.210","0.919","1.240","7.161","0.476","4.851","3.123","1.167","0.030",149.828
"5.916","0.025","0.346","0.215","0.975","1.223","6.754","0.364","5.707","3.129","1.191","0.041",150.178
"5.289","0.022","0.347","0.194","0.975","1.205","6.638","0.322","5.174","3.184","1.271","0.034",150.528
"5.972","0.027","0.345","0.194","0.987","1.221","6.746","0.417","4.877","3.185","1.294","0.029",150.878
"4.939","0.030","0.352","0.192","0.966","1.196","6.514","0.496","4.463","3.210","1.292","0.023",151.228
"5.482","0.032","0.339","0.198","1.005","1.193","6.303","0.595","4.034","3.246","1.229","0.025",151.578
"5.459","0.028","0.341","0.211","0.980","1.173","5.788","0.534","3.408","3.268","1.272","0.025",151.928
"5.878","0.029","0.335","0.225","0.980","1.203","5.654","0.534","3.315","3.266","1.265","0.019",152.277
"5.639","0.026","0.350","0.215","0.969","1.212","5.709","0.462","3.010","3.268","1.215","0.013",152.628
"5.113","0.028","0.351","0.227","1.000","1.236","6.012","0.528","3.304","3.266","1.126","0.011",152.978
"5.507","0.028","0.349","0.236","1.029","1.227","6.101","0.499","3.383","3.299","1.031","0.010",153.328
"6.157","0.029","0.335","0.251","1.047","1.202","6.494","0.497","4.110","3.247","1.105","0.013",153.678
"7.443","0.029","0.338","0.233","1.037","1.203","6.736","0.441","5.228","3.230","1.225","0.014",154.028
"8.095","0.027","0.335","0.202","1.009","1.180","7.537","0.442","6.654","3.151","1.456","0.026",154.378
"8.590","0.027","0.341","0.209","0.976","1.158","7.280","0.422","7.524","3.086","1.565","0.031",154.728
"8.061","0.029","0.348","0.231","0.956","1.149","7.770","0.411","7.513","3.168","1.620","0.051",155.078
"7.844","0.029","0.357","0.252","0.936","1.214","7.236","0.467","8.226","3.194","1.650","0.058",155.429
"8.062","0.029","0.360","0.228","0.951","1.240","7.961","0.615","9.512","3.241","1.651","0.061",155.779
"8.042","0.024","0.348","0.221","0.958","1.210","7.923","0.692","11.656","3.174","1.644","0.045",156.129
"7.949","0.024","0.335","0.223","0.969","1.151","8.719","0.650","11.808","3.206","1.595","0.040",156.479
"7.866","0.025","0.324","0.240","0.938","1.124","8.532","0.489","10.626","3.195","1.564","0.044",156.829
"8.479","0.030","0.325","0.241","0.965","1.120","8.251","0.468","8.405","3.171","1.577","0.046",157.179
"8.938","0.029","0.326","0.232","0.972","1.160","7.908","0.412","6.569","3.163","1.515","0.040",157.529
"7.683","0.028","0.337","0.225","0.986","1.198","7.705","0.383","5.940","3.194","1.441","0.032",157.879
"6.694","0.026","0.325","0.202","1.004","1.240","7.825","0.248","5.697","3.201","1.352","0.026",158.229
"6.955","0.026","0.323","0.199","0.963","1.223","7.397","0.287","4.961","3.138","1.238","0.022",158.579
"7.954","0.026","0.324","0.206","0.961","1.238","6.845","0.301","4.221","3.141","1.110","0.016",158.929
"8.106","0.029","0.334","0.198","0.918","1.231","6.304","0.425","2.971","3.091","0.988","0.013",159.279
"7.135","0.028","0.333","0.189","0.942","1.262","6.292","0.368","2.645","3.080","0.897","0.016",159.629
"5.734","0.028","0.333","0.172","0.930","1.248","6.777","0.434","2.385","3.005","0.942","0.023",159.979
"5.839","0.028","0.333","0.200","0.923","1.256","6.969","0.429","2.424","3.006","0.954","0.027",160.329
"4.777","0.026","0.332","0.180","0.919","1.227","6.638","0.424","2.140","2.976","0.960","0.026",160.679
"5.676","0.027","0.323","0.178","0.937","1.242","6.481","0.379","1.950","2.947","0.945","0.016",161.029
"5.820","0.024","0.328","0.155","0.941","1.276","6.643","0.359","2.178","2.952","0.924","0.016",161.379
"6.451","0.027","0.342","0.171","0.966","1.326","7.128","0.435","2.707","2.981","0.948","0.011",161.729
"5.919","0.025","0.338","0.156","0.967","1.305","6.848","0.397","2.698","2.940","0.838","0.014",162.079
"5.776","0.027","0.337","0.179","0.961","1.268","6.746","0.445","2.328","2.964","0.792","0.009",162.429
"5.338","0.026","0.321","0.164","0.959","1.234","6.521","0.447","1.817","2.900","0.778","0.009",162.779
"5.148","0.027","0.322","0.176","0.957","1.269","6.871","0.571","1.238","2.993","0.810","0.009",163.129
"4.473","0.024","0.323","0.145","0.958","1.280","6.768","0.525","1.228","2.929","0.795","0.014",163.479
"4.396","0.027","0.334","0.171","0.972","1.303","6.751","0.452","1.993","3.039","0.736","0.021",163.829
"4.256","0.025","0.341","0.165","0.923","1.270","6.527","0.368","2.730","2.968","0.757","0.021",164.18
"4.584","0.028","0.338","0.177","0.967","1.274","6.597","0.397","3.287","3.013","0.755","0.026",164.53
"5.690","0.026","0.332","0.179","0.930","1.230","6.308","0.452","3.276","2.915","0.744","0.021",164.88
"6.661","0.026","0.328","0.192","0.938","1.240","6.378","0.532","3.223","2.865","0.724","0.026",165.23
"6.862","0.025","0.329","0.195","0.911","1.249","6.194","0.495","3.125","2.834","0.715","0.023",165.58
"6.462","0.028","0.328","0.164","0.909","1.252","6.283","0.574","2.890","2.817","0.676","0.025",165.93
"5.882","0.028","0.321","0.154","0.926","1.254","6.040","0.445","2.698","2.856","0.668","0.020",166.28
"5.508","0.026","0.324","0.166","0.903","1.238","6.316","0.483","2.475","2.826","0.713","0.016",166.63
"4.562","0.023","0.326","0.189","0.913","1.229","6.060","0.446","1.901","2.850","0.759","0.022",166.98
"3.903","0.023","0.336","0.217","0.905","1.211","6.685","0.480","2.324","2.881","0.785","0.023",167.33
"3.779","0.023","0.337","0.205","0.907","1.212","6.589","0.471","2.384","2.878","0.731","0.023",167.68
"4.879","0.025","0.338","0.193","0.905","1.236","6.768","0.452","2.339","2.905","0.766","0.012",168.03
"5.576","0.026","0.345","0.175","0.938","1.250","6.525","0.451","2.024","2.931","0.760","0.014",168.38
"5.003","0.027","0.346","0.196","0.962","1.266","5.971","0.417","1.765","2.952","0.686","0.019",168.73
"3.911","0.027","0.352","0.193","0.984","1.272","5.838","0.442","1.921","2.934","0.649","0.021",169.08
"4.776","0.026","0.347","0.197","1.006","1.282","5.167","0.369","1.976","2.840","0.573","0.012",169.43
"5.612","0.024","0.341","0.166","0.951","1.250","4.899","0.338","2.111","2.863","0.692","0.003",169.78
"5.345","0.021","0.346","0.176","0.937","1.248","4.706","0.371","2.219","2.866","0.760","0.002",170.13
"4.093","0.020","0.337","0.169","0.896","1.228","4.699","0.422","1.817","2.794","0.789","0.002",170.48
"4.539","0.022","0.339","0.170","0.922","1.243","5.105","0.414","1.506","2.772","0.724","0.004",170.83
"5.070","0.026","0.321","0.167","0.937","1.245","5.073","0.288","1.502","2.763","0.635","0.004",171.18
"5.396","0.024","0.330","0.179","0.964","1.294","4.806","0.338","1.942","2.869","0.789","0.008",171.53
"5.267","0.026","0.337","0.203","0.979","1.319","4.588","0.351","2.442","2.894","0.839","0.012",171.88
"5.263","0.026","0.345","0.222","0.958","1.308","4.536","0.354","2.532","2.858","0.943","0.015",172.23
"5.238","0.026","0.338","0.228","0.950","1.264","5.027","0.381","2.496","2.873","0.841","0.027",172.581
"4.534","0.023","0.331","0.219","0.948","1.225","4.829","0.430","3.268","2.915","0.857","0.028",172.931
"4.347","0.022","0.323","0.224","0.936","1.218","4.856","0.397","4.440","2.968","0.790","0.044",173.281
"3.788","0.025","0.317","0.216","0.913","1.189","4.742","0.419","4.824","2.968","0.836","0.039",173.631
"3.179","0.026","0.309","0.222","0.920","1.177","4.980","0.386","4.209","2.857","0.821","0.034",173.981
"3.241","0.028","0.316","0.209","0.913","1.193","4.966","0.429","3.038","2.820","0.748","0.028",174.331
"4.045","0.028","0.319","0.194","0.942","1.229","5.053","0.389","2.322","2.877","0.671","0.020",174.681
"5.211","0.029","0.329","0.190","0.934","1.249","4.921","0.347","1.753","2.883","0.662","0.015",175.031
"4.749","0.030","0.330","0.200","0.970","1.241","4.985","0.375","1.942","2.919","0.800","0.003",175.381
"5.891","0.029","0.333","0.216","0.994","1.268","4.546","0.319","2.065","2.858","0.837","0.004",175.731
"6.313","0.028","0.345","0.207","1.046","1.298","4.415","0.464","2.540","2.930","0.900","0.007",176.081
"6.000","0.025","0.342","0.189","1.020","1.285","4.250","0.593","2.316","3.000","0.903","0.007",176.431
"4.116","0.027","0.353","0.186","1.013","1.314","4.203","0.600","2.415","3.024","0.957","0.012",176.781
"3.221","0.030","0.340","0.200","0.949","1.285","4.241","0.451","2.043","2.991","0.918","0.013",177.131
"4.462","0.030","0.333","0.216","0.976","1.310","3.867","0.408","1.851","3.045","0.934","0.012",177.481
"4.519","0.030","0.326","0.209","0.942","1.260","4.119","0.426","1.847","3.081","0.886","0.006",177.831
"4.785","0.026","0.325","0.189","0.977","1.282","4.170","0.572","2.024","3.178","0.932","0.003",178.181
"5.085","0.026","0.334","0.193","0.946","1.290","4.618","0.515","2.130","3.134","0.854","0.003",178.531
"4.777","0.023","0.325","0.215","0.968","1.270","4.377","0.496","2.442","3.098","0.858","0.006",178.881
"4.096","0.026","0.320","0.254","0.911","1.253","3.919","0.418","2.637","3.021","0.879","0.010",179.231
"3.557","0.027","0.315","0.254","0.941","1.240","3.672","0.367","3.248","2.976","0.920","0.017",179.581
"4.130","0.031","0.316","0.255","0.932","1.244","3.359","0.432","3.108","2.963","0.876","0.017",179.931
"5.135","0.031","0.319","0.246","0.955","1.234","3.499","0.381","2.864","3.007","0.745","0.019",180.281
"5.146","0.031","0.330","0.246","0.971","1.237","3.445","0.451","2.526","3.042","0.727","0.017",180.631
"5.114","0.028","0.335","0.232","0.968","1.256","3.382","0.408","2.564","3.085","0.812","0.023",180.981
"4.507","0.028","0.337","0.221","1.007","1.273","3.117","0.501","3.016","3.083","0.866","0.021",181.332
"4.606","0.030","0.328","0.217","1.001","1.268","2.614","0.410","3.250","2.977","0.794","0.022",181.682
"4.571","0.031","0.328","0.202","0.991","1.249","2.415","0.345","2.608","2.956","0.733","0.026",182.032
"3.879","0.031","0.327","0.190","0.983","1.270","2.279","0.351","1.897","2.924","0.702","0.027",182.382
"3.497","0.030","0.335","0.179","0.953","1.311","2.497","0.519","1.031","2.988","0.667","0.018",182.732
"3.195","0.031","0.332","0.202","0.916","1.372","2.709","0.606","1.212","2.980","0.670","0.008",183.082
"3.773","0.030","0.331","0.195","0.897","1.379","2.822","0.559","1.427","2.918","0.745","0.006",183.432
"4.309","0.029","0.317","0.183","0.876","1.362","3.117","0.444","1.731","2.869","0.841","0.013",183.782
"4.531","0.030","0.317","0.158","0.916","1.359","3.668","0.386","1.850","2.912","0.768","0.011",184.132
"4.480","0.030","0.322","0.158","0.901","1.393","3.911","0.325","1.737","3.000","0.702","0.008",184.482
"4.172","0.025","0.326","0.148","0.917","1.413","3.832","0.419","1.630","3.036","0.599","0.001",184.832
"3.661","0.023","0.330","0.148","0.910","1.436","3.475","0.444","1.661","2.952","0.546","0.001",185.182
"3.936","0.023","0.327","0.161","0.899","1.468","3.655","0.502","1.550","2.996","0.555","-0.001",185.532
"4.296","0.027","0.334","0.179","0.882","1.493","3.782","0.533","1.571","2.998","0.574","0.005",185.882
"5.178","0.025","0.340","0.154","0.873","1.506","3.845","0.474","1.331","3.058","0.649","0.003",186.232
"4.818","0.024","0.344","0.148","0.905","1.527","3.576","0.420","1.187","2.922","0.623","0.008",186.581
"4.328","0.021","0.348","0.153","0.904","1.580","3.762","0.322","1.652","2.996","0.730","0.014",186.932
"3.395","0.022","0.349","0.202","0.918","1.583","3.997","0.360","2.529","2.999","0.722","0.018",187.282
"3.058","0.022","0.350","0.197","0.928","1.527","4.234","0.387","2.997","3.086","0.732","0.025",187.632
"3.419","0.023","0.359","0.184","0.927","1.470","4.203","0.423","2.492","2.970","0.704","0.023",187.982
"4.083","0.022","0.353","0.174","0.950","1.476","4.405","0.464","1.608","2.926","0.763","0.019",188.332
"4.917","0.022","0.351","0.187","0.932","1.497","4.358","0.404","1.130","2.905","0.871","0.014",188.682
"5.217","0.020","0.334","0.190","0.961","1.529","4.134","0.417","1.160","2.953","0.931","0.022",189.032
"5.293","0.021","0.332","0.184","0.901","1.509","3.523","0.352","1.607","2.946","0.882","0.029",189.382
"4.827","0.021","0.323","0.186","0.902","1.509","3.410","0.450","1.999","2.902","0.796","0.028",189.733
"5.011","0.021","0.321","0.178","0.877","1.502","3.484","0.391","2.099","2.865","0.717","0.017",190.083
"4.948","0.023","0.319","0.174","0.877","1.532","3.305","0.428","1.602","2.932","0.797","0.014",190.433
"5.358","0.024","0.322","0.169","0.845","1.511","3.529","0.416","1.403","2.930","0.862","0.014",190.783
"4.551","0.024","0.314","0.165","0.825","1.480","3.317","0.266","1.591","2.927","0.883","0.010",191.133
"5.238","0.022","0.305","0.161","0.842","1.452","3.816","0.219","1.576","2.881","0.916","0.006",191.483
"5.390","0.022","0.317","0.150","0.881","1.482","3.727","0.239","1.567","2.959","0.830","-0.001",191.833
"5.467","0.023","0.333","0.158","0.924","1.541","3.683","0.392","1.098","3.041","0.926","-0.002",192.183
"4.804","0.024","0.342","0.168","0.937","1.567","3.431","0.389","1.531","3.104","0.891","0.002",192.533
"4.560","0.023","0.336","0.193","0.945","1.608","3.458","0.293","1.619","3.054","0.976","0.004",192.883
"4.591","0.023","0.330","0.212","0.988","1.604","3.769","0.273","1.609","3.030","0.918","0.005",193.233
"4.387","0.024","0.322","0.198","0.984","1.567","3.726","0.225","1.370","3.014","0.839","0.003",193.583
"4.470","0.026","0.321","0.198","0.977","1.551","3.608","0.223","1.104","3.017","0.845","0.003",193.933
"4.961","0.028","0.315","0.191","0.958","1.563","3.319","0.226","1.161","3.051","0.775","0.005",194.283
"6.365","0.027","0.324","0.189","0.954","1.618","3.242","0.317","1.510","3.102","0.775","0.014",194.633
"6.268","0.026","0.312","0.158","0.936","1.579","2.934","0.443","1.597","3.113","0.696","0.019",194.983
"5.659","0.025","0.322","0.149","0.928","1.568","2.848","0.433","1.865","3.094","0.641","0.019",195.333
"4.722","0.024","0.317","0.162","0.898","1.560","2.589","0.452","1.693","3.082","0.682","0.015",195.683
"4.837","0.024","0.330","0.182","0.891","1.593","2.761","0.341","1.649","3.121","0.738","0.023",196.033
"4.741","0.022","0.328","0.195","0.900","1.589","2.638","0.432","1.872","3.206","0.794","0.025",196.383
"5.610","0.025","0.321","0.194","0.939","1.573","2.821","0.426","2.099","3.193","0.844","0.021",196.733
"6.057","0.026","0.314","0.220","0.928","1.560","2.618","0.491","2.104","3.167","0.761","0.010",197.083
"6.172","0.025","0.305","0.209","0.904","1.528","2.613","0.494","1.537","3.104","0.743","0.006",197.433
"5.387","0.023","0.317","0.237","0.904","1.559","2.476","0.501","1.134","3.089","0.706","0.003",197.783
"4.271","0.021","0.315","0.205","0.906","1.559","2.336","0.623","1.289","3.127","0.684","0.002",198.133
"4.254","0.022","0.320","0.207","0.904","1.559","2.598","0.547","1.639","3.087","0.681","0.004",198.484
"3.896","0.023","0.312","0.191","0.902","1.523","2.535","0.467","1.538","3.162","0.655","0.007",198.834
"4.466","0.023","0.316","0.195","0.899","1.525","2.664","0.355","1.317","3.131","0.672","0.010",199.184
"5.695","0.026","0.315","0.200","0.911","1.537","2.397","0.334","0.690","3.135","0.665","0.010",199.534
"5.965","0.025","0.315","0.199","0.914","1.557","2.297","0.378","0.673","3.035","0.657","0.008",199.884
"6.120","0.025","0.314","0.211","0.929","1.562","2.634","0.315","0.630","3.019","0.637","0.009",200.234
"5.612","0.023","0.315","0.199","0.937","1.576","2.668","0.316","0.771","3.022","0.697","0.009",200.584
"5.648","0.023","0.320","0.189","0.933","1.561","2.636","0.371","0.877","3.031","0.675","0.008",200.934
"4.892","0.023","0.321","0.171","0.933","1.572","2.305","0.421","0.910","3.064","0.672","0.003",201.284
"4.816","0.023","0.314","0.183","0.927","1.579","2.402","0.407","0.942","3.094","0.633","-0.001",201.634
"4.387","0.025","0.311","0.175","0.903","1.589","2.608","0.368","0.911","3.078","0.566","0.001",201.984
"4.513","0.022","0.316","0.197","0.908","1.555","2.413","0.340","0.981","3.094","0.530","0.001",202.334
"3.903","0.024","0.320","0.201","0.874","1.523","2.186","0.268","1.183","3.060","0.500","0.005",202.684
"3.779","0.021","0.315","0.217","0.913","1.487","2.099","0.356","1.184","3.068","0.563","0.005",203.034
"3.589","0.022","0.314","0.200","0.919","1.481","2.442","0.396","1.414","3.059","0.614","0.008",203.384
"3.433","0.023","0.307","0.212","0.923","1.484","1.972","0.427","1.275","3.070","0.677","0.013",203.734
"4.473","0.023","0.310","0.209","0.905","1.490","2.059","0.311","1.319","3.115","0.687","0.017",204.084
"5.659","0.023","0.307","0.206","0.911","1.465","1.793","0.288","1.296","3.116","0.766","0.015",204.434
"5.451","0.023","0.307","0.164","0.931","1.450","2.164","0.309","1.635","3.079","0.748","0.009",204.784
"4.256","0.023","0.299","0.155","0.931","1.473","2.086","0.412","1.789","3.028","0.738","0.006",205.134
"4.381","0.025","0.301","0.163","0.955","1.511","2.413","0.427","1.596","3.029","0.691","0.008",205.484
"4.917","0.024","0.312","0.157","0.967","1.524","2.431","0.544","1.443","3.073","0.763","0.008",205.834
"4.670","0.024","0.307","0.165","0.920","1.442","2.468","0.579","1.229","3.054","0.711","0.007",206.184
"4.086","0.021","0.295","0.164","0.857","1.398","2.185","0.614","1.247","3.024","0.731","0.008",206.534
"3.830","0.023","0.294","0.185","0.848","1.392","2.259","0.539","1.078","3.070","0.664","0.006",206.885
"4.402","0.025","0.318","0.177","0.894","1.429","1.939","0.458","0.928","3.217","0.771","0.010",207.235
"3.215","0.026","0.324","0.182","0.901","1.443","1.696","0.354","0.991","3.290","0.763","0.005",207.585
"2.973","0.025","0.320","0.188","0.899","1.437","1.750","0.356","1.194","3.294","0.821","0.006",207.935
"3.431","0.024","0.308","0.207","0.918","1.411","1.807","0.331","1.708","3.284","0.764","0.007",208.285
"3.732","0.020","0.321","0.176","0.916","1.373","1.779","0.288","1.988","3.253","0.771","0.014",208.635
"3.559","0.021","0.319","0.174","0.914","1.334","1.631","0.284","2.149","3.274","0.715","0.013",208.985
"2.924","0.021","0.320","0.162","0.906","1.342","1.642","0.299","1.719","3.254","0.787","0.012",209.335
"3.612","0.024","0.312","0.210","0.945","1.345","1.935","0.364","1.913","3.345","0.837","0.010",209.685
"4.306","0.024","0.315","0.218","0.941","1.299","1.907","0.325","1.753","3.324","0.857","0.013",210.035
"5.353","0.025","0.314","0.240","0.942","1.233","2.010","0.438","2.147","3.370","0.810","0.024",210.385
"5.782","0.027","0.316","0.259","0.927","1.180","1.906","0.509","2.292","3.337","0.856","0.025",210.735
"5.878","0.029","0.317","0.302","0.960","1.162","1.953","0.503","2.165","3.427","0.921","0.027",211.085
"4.797","0.028","0.319","0.320","0.938","1.152","1.957","0.397","2.516","3.473","1.033","0.017",211.435
"4.389","0.026","0.320","0.306","0.973","1.171","1.799","0.326","1.949","3.524","0.958","0.013",211.785
"4.856","0.024","0.311","0.295","0.940","1.159","1.773","0.344","1.875","3.474","0.927","0.015",212.135
"5.017","0.025","0.306","0.258","0.983","1.157","1.749","0.326","1.475","3.354","0.846","0.019",212.485
"5.645","0.026","0.308","0.270","0.939","1.164","1.785","0.351","1.393","3.362","0.884","0.016",212.835
"5.525","0.026","0.312","0.248","0.939","1.188","1.580","0.275","1.840","3.346","0.880","0.015",213.185
"6.434","0.022","0.313","0.253","0.901","1.196","1.564","0.359","1.602","3.354","0.847","0.010",213.535
"5.809","0.022","0.299","0.210","0.921","1.203","1.622","0.366","1.571","3.231","0.831","0.014",213.885
"5.619","0.027","0.308","0.199","0.882","1.220","1.807","0.459","1.806","3.248","0.826","0.012",214.235
"5.956","0.028","0.307","0.188","0.884","1.249","1.781","0.406","2.090","3.218","0.938","0.008",214.585
"5.708","0.029","0.315","0.177","0.884","1.255","1.707","0.347","1.921","3.240","0.822","0.003",214.935
"6.472","0.026","0.305","0.183","0.897","1.266","1.674","0.337","1.438","3.181","0.786","0.001",215.285
"5.855","0.028","0.304","0.197","0.924","1.279","1.657","0.289","0.856","3.200","0.727","0.003",215.636
"6.146","0.024","0.301","0.191","0.889","1.281","1.932","0.315","1.269","3.229","0.867","0.008",215.986
"5.078","0.025","0.309","0.184","0.955","1.258","2.266","0.311","1.862","3.312","0.925","0.019",216.336
"5.664","0.024","0.306","0.195","0.914","1.191","2.604","0.369","2.357","3.315","1.000","0.033",216.686
"6.008","0.026","0.304","0.237","0.948","1.133","2.514","0.477","2.268","3.306","1.055","0.039",217.036
"6.825","0.025","0.291","0.250","0.926","1.107","2.457","0.514","1.624","3.212","1.204","0.033",217.386
"6.197","0.027","0.290","0.252","0.956","1.102","2.569","0.512","1.683","3.216","1.304","0.030",217.736
"6.528","0.029","0.294","0.233","0.946","1.066","2.531","0.400","1.693","3.196","1.447","0.030",218.086
"6.051","0.032","0.309","0.213","0.947","1.021","2.266","0.324","2.039","3.183","1.384","0.041",218.436
"5.963","0.030","0.321","0.222","0.948","0.997","1.906","0.302","1.842","3.192","1.365","0.038",218.786
"4.975","0.028","0.319","0.224","0.903","0.984","1.779","0.352","2.134","3.199","1.305","0.042",219.136
"5.205","0.025","0.315","0.259","0.908","1.023","1.838","0.387","2.309","3.335","1.443","0.032",219.486
"5.550","0.023","0.307","0.287","0.912","1.018","1.700","0.430","2.430","3.353","1.485","0.042",219.836
"5.782","0.022","0.294","0.302","0.945","1.021","1.837","0.420","2.678","3.332","1.491","0.034",220.186
"4.602","0.023","0.288","0.311","0.938","0.979","1.881","0.386","2.525","3.315","1.331","0.032",220.536
"4.414","0.025","0.290","0.264","0.935","0.956","1.905","0.390","2.812","3.375","1.224","0.028",220.885
"4.321","0.026","0.292","0.274","0.962","0.953","1.716","0.371","2.560","3.468","1.157","0.036",221.236
"5.568","0.026","0.292","0.270","0.977","0.954","1.578","0.436","2.930","3.474","1.161","0.040",221.586
"5.966","0.028","0.287","0.297","0.953","0.964","1.611","0.357","3.257","3.548","1.227","0.042",221.936
"5.950","0.027","0.292","0.293","0.911","0.942","1.770","0.296","3.404","3.473","1.266","0.048",222.286
"5.696","0.030","0.294","0.296","0.903","0.928","1.843","0.365","3.304","3.501","1.295","0.049",222.636
"5.975","0.027","0.294","0.297","0.922","0.909","1.767","0.388","2.768","3.402","1.199","0.039",222.986
"6.612","0.030","0.289","0.309","0.949","0.925","1.624","0.457","2.379","3.453","1.106","0.020",223.336
"7.179","0.025","0.281","0.292","0.912","0.939","1.646","0.362","2.041","3.406","1.015","0.014",223.686
"6.440","0.026","0.297","0.273","0.912","0.946","1.848","0.268","1.854","3.484","0.973","0.012",224.037
"6.055","0.024","0.303","0.231","0.907","0.936","1.768","0.317","2.018","3.615","0.916","0.014",224.387
"4.285","0.025","0.300","0.249","0.896","0.922","1.581","0.292","2.503","3.710","0.905","0.017",224.737
"3.316","0.027","0.283","0.266","0.868","0.914","1.432","0.390","3.243","3.707","0.959","0.023",225.087
"3.137","0.027","0.278","0.276","0.883","0.900","1.557","0.318","3.271","3.654","0.994","0.026",225.437
"3.365","0.032","0.279","0.258","0.884","0.883","1.655","0.279","3.610","3.609","1.016","0.027",225.787
"3.520","0.034","0.288","0.239","0.917","0.865","1.711","0.222","3.714","3.565","1.031","0.023",226.137
"2.995","0.036","0.290","0.244","0.926","0.863","1.719","0.211","6.650","3.578","0.970","0.035",226.487
"2.986","0.036","0.302","0.254","0.955","0.868","1.687","0.315","9.931","3.666","1.047","0.040",226.837
"3.341","0.033","0.295","0.244","0.970","0.872","1.756","0.347","13.155","3.711","0.971","0.043",227.187
"3.717","0.034","0.299","0.242","0.967","0.853","1.847","0.393","14.871","3.717","1.065","0.039",227.537
"3.969","0.033","0.290","0.231","0.937","0.840","1.988","0.397","16.252","3.687","0.966","0.046",227.887
"3.174","0.036","0.287","0.227","0.903","0.828","1.932","0.498","19.465","3.619","1.090","0.060",228.237
