C:\Agilent\ICPMH\1\DATA\12sep12 tune_2.b\PGB07_T.d,,,,,,,,,,,,,
Intensity Vs Time,Counts,,,,,,,,,,,,
Acquired      : 9/12/2012 5:49:24 PM using Batch 12sep12 tune_2.b,,,,,,,,,,,,,
Time [Sec],Li7,B11,Mg24,P31,S34,K39,Ca43,Mn55,Cu63,Zn66,Sr88,Ba138,Pb208
0.36,9,23,0,76.02,19882.65,1953.24,0,156.02,5,9,0,1,0
0.71,4,12,2,40,19873.68,1980.56,3,170.02,1,7,0,0,0
1.06,2,11,0,51.01,19489.53,1941.1,0,180.02,3,13,0,0,2
1.41,4,15,2,59.01,19752.63,1872.33,0,198.03,4,12,0,0,0
1.76,1,12,1,62.01,20447.52,2091.89,1,175.02,1,7,2,0,0
2.11,3,21,4,62.01,20367.68,2097.96,2,211.03,1,14,0,0,1
2.46,10,17,1,59.01,19809.79,1962.35,0,184.03,1,6,0,0,2
2.81,11,11,1,65.01,20072.24,1985.62,0,192.03,1,8,0,0,0
3.16,0,15,1,51.01,20142.96,2119.23,0,184.03,1,8,0,0,3
3.51,2,12,0,47.01,19915.17,1987.64,0,175.02,0,2,0,0,0
3.86,1,28,2,51.01,20104.79,2022.04,2,191.03,3,6,1,0,1
4.21,5,23,0,44.01,20093.57,1932,0,151.02,1,11,0,0,0
4.56,5,26,2,51.01,20247.42,2131.38,2,181.02,1,8,0,0,0
4.91,3,11,0,43.01,19666.38,1983.59,3,200.03,0,6,0,0,0
5.26,2,16,2,45.01,19633.91,1921.88,0,191.03,2,8,1,0,0
5.61,8,15,6,53.01,19529.81,1966.39,0,197.03,2,10,2,0,0
5.96,4,20,1,57.01,19776.17,1912.78,0,191.03,3,13,0,0,1
6.31,0,9,0,45.01,20465.52,1899.63,1,182.02,2,11,0,0,2
6.66,2,28,2,46.01,19894.99,2060.51,0,182.02,3,14,0,0,0
7.01,3,10,0,56.01,19278.21,1994.72,2,196.03,0,7,0,0,1
7.36,5,12,1,42.01,19680.94,1926.94,1,176.02,3,19,0,0,1
7.711,3,16,2,53.01,19961.15,2000.79,1,187.03,1,10,0,0,3
8.061,2,16,2,42.01,19827.72,1960.32,0,160.02,1,10,0,0,2
8.411,1,10,0,47.01,19980.22,1957.29,3,204.03,0,14,0,0,0
8.761,0,13,0,49.01,19975.74,2036.21,0,204.03,0,10,1,0,1
9.111,2,16,2,54.01,20235.06,2015.97,2,184.03,1,7,0,0,1
9.461,3,13,3,51.01,19654.06,2042.29,4,191.03,2,17,0,0,0
9.811,1,18,2,31,20497.02,1971.45,0,208.03,0,26,0,0,0
10.161,3,11,1,54.01,19831.08,1983.59,1,169.02,0,11,0,0,1
10.511,2,16,0,48.01,19767.2,1980.56,0,204.03,2,10,0,0,0
10.861,7,7,0,49.01,19647.35,2168.85,3,165.02,2,9,0,0,3
11.211,3,8,3,61.01,19385.52,1908.74,2,182.02,0,9,0,0,1
11.561,6,17,0,45.01,19595.84,1930.99,0,180.02,0,10,0,0,0
11.911,1,7,0,39,19692.14,1901.66,1,170.02,3,16,0,0,0
12.261,9,11,0,55.01,19888.26,1983.59,0,182.02,1,8,0,0,0
12.611,1,14,3,45.01,19666.38,1994.72,0,193.03,2,15,0,0,0
12.961,4,12,5,50.01,19901.71,1952.23,0,154.02,2,14,0,0,0
13.311,1,21,2,69.01,19921.9,1958.3,0,196.03,2,11,1,0,0
13.661,2,18,1,79.02,20045.31,1920.87,1,185.03,0,13,0,0,1
14.011,1,15,0,74.02,19836.69,1972.46,1,155.02,0,6,0,0,5
14.361,1,22,0,48.01,19472.75,1919.86,2,200.03,1,8,0,0,0
14.711,3,23,2,64.01,19836.69,2039.25,0,189.03,1,4,1,0,1
15.061,6,8,2,48.01,19742.55,1980.56,0,195.03,0,9,0,0,0
15.411,2,18,0,49.01,19923.02,1876.38,1,189.03,1,7,0,0,2
15.761,0,16,0,44.01,19771.68,2088.85,0,173.02,2,13,0,0,0
16.112,3,20,2,60.01,19776.17,2067.59,0,196.03,0,6,0,0,2
16.462,5,11,3,33,19756,1906.71,2,183.02,2,13,0,0,0
16.812,2,12,0,73.02,19492.89,1956.28,1,162.02,0,9,0,0,2
17.162,4,14,1,48.01,20239.56,2013.95,0,168.02,0,15,0,0,0
17.512,3,17,0,41,20050.92,2022.04,0,180.02,1,12,0,0,0
17.862,1,9,0,50.01,20117.14,2004.84,0,181.02,0,4,0,0,0
18.212,2,10,0,42.01,20094.69,2056.46,3,183.02,0,11,0,0,0
18.562,0,20,3,55.01,19655.18,1929.98,1,175.02,1,10,1,0,0
18.912,3,15,2,54.01,19809.79,1929.98,0,184.03,1,12,0,0,0
19.262,4,11,0,59.01,20053.16,2057.47,1,195.03,1,9,1,0,0
19.612,3,14,1,53.01,19407.88,1882.44,0,185.03,0,7,0,0,0
19.962,3,21,0,47.01,19723.51,1938.07,0,168.02,3,7,0,0,2
20.312,9,12,1,50.01,20058.77,2059.49,2,156.02,0,3,0,0,0
20.662,3,18,0,45.01,20085.71,1970.44,0,192.03,2,13,0,0,0
21.012,2,15,0,60.01,20185.64,1941.1,0,161.02,1,11,0,0,4
21.362,1,17,1,47.01,20003.79,1872.33,1,181.02,1,11,0,0,1
21.712,3,11,0,86.02,19591.37,1986.63,2,191.03,1,11,0,0,0
22.062,6,13,1,39,19795.21,1947.17,2,199.03,2,9,0,0,2
22.412,3,20,2,62.01,19773.92,1942.11,0,197.03,0,15,0,0,0
22.762,3,13,0,40,20084.59,1905.7,1,177.02,2,9,0,0,0
23.112,2,24,4,40,20023.98,2011.92,0,165.02,2,12,0,0,0
23.462,4,13,1,43.01,19650.71,1922.9,4,171.02,0,5,0,0,0
23.812,7,9,3,38,19566.74,2010.91,4,177.02,0,4,0,0,0
24.162,9,15,0,52.01,19668.62,1988.65,1,171.02,0,11,0,0,1
24.513,7,17,2,68.01,19781.77,1867.28,0,187.03,2,11,0,0,0
24.863,6,17,1,50.01,20322.72,2076.7,2,193.03,0,16,0,0,2
25.213,4,10,1,48.01,19883.78,1882.44,0,168.02,3,17,0,0,2
25.563,0,20,0,38,20147.46,1943.13,0,191.03,2,10,0,0,0
25.913,3,17,1,56.01,20055.4,2066.58,1,182.02,0,7,0,0,0
26.263,3,20,0,53.01,19580.18,1984.6,0,206.03,0,13,0,0,2
26.613,0,16,0,60.01,19836.69,1918.85,1,158.02,0,4,0,0,1
26.963,5,16,0,63.01,19768.32,1948.18,0,183.02,2,10,0,0,1
27.313,4,15,1,57.01,19434.72,2001.81,0,184.03,0,13,1,0,0
27.663,5,17,3,60.01,19747.03,2023.06,0,205.03,1,11,0,0,1
28.013,6,16,1,41,19956.67,1954.25,0,168.02,2,4,0,0,3
28.363,4,19,1,53.01,19556.67,1947.17,0,191.03,2,10,0,0,0
28.713,4,9,2,59.01,19732.47,1958.3,1,170.02,2,13,0,0,1
29.063,7,12,1,43.01,19331.85,1994.72,1,181.02,2,10,0,0,1
29.413,5,16,0,33,19541,1989.66,0,184.03,1,8,0,0,2
29.763,4,21,3,62.01,19909.56,2001.81,0,208.03,1,8,0,0,4
30.113,4,9,2,48.01,19682.06,1840.99,0,161.02,1,8,0,0,2
30.463,0,14,3,49.01,20223.83,2047.35,2,195.03,2,6,0,0,1
30.813,0,17,0,55.01,20016.13,1962.35,0,180.02,0,12,0,0,0
31.163,0,16,0,48.01,19945.45,2061.52,0,185.03,0,18,0,0,9
31.513,3,19,61.01,123.04,20318.22,2836.65,1608.64,232.04,16,333.08,23973.67,34,165.02
31.863,15,76,289.25,331.32,21931.61,5417.6,6804.57,357.09,33,868.56,49682.8,78.01,157.02
32.213,16,87.01,482.69,390.45,23394.88,6711.9,16947.89,411.13,23,600.27,69791.54,104.02,122.01
32.563,16,96.01,585.01,403.48,23852.81,7427.99,13001.6,458.16,17,500.19,77506.23,107.02,75
32.913,23,130.01,690.41,414.51,23934.21,7879.81,13438.98,486.18,22,461.16,87534.3,113.02,65
33.264,19,110.01,748.65,428.54,24759.49,8024.39,13361.14,469.16,23,380.11,83016.13,91.01,53
33.614,20,121.01,653.26,442.58,24577.56,7626.56,12733.24,497.18,21,255.05,82467.4,116.02,31
33.964,32,173.02,696.43,423.53,24638.56,8411.58,13861.18,555.23,19,243.04,89503.27,100.02,28
34.314,17,96.01,725.55,381.43,24516.57,8249.88,12615.9,470.16,18,218.04,82960.4,102.02,40
34.664,18,125.01,639.21,413.51,24911.62,8516.66,13419.52,551.23,25,261.05,87199.09,94.01,34
35.014,10,100.01,635.19,427.54,24283.18,8056.88,13343.85,506.19,19,207.03,81556.23,87.01,29
35.364,25,103.01,677.35,394.46,24253.31,7899.7,13356.82,498.18,26,187.03,87363.66,107.02,27
35.714,24,98.01,682.37,457.62,24231.48,8492.48,13883.95,637.3,21,204.03,88916.33,122.02,28
36.064,18,138.01,702.46,536.85,24597.13,8906.01,13888.28,617.28,21,268.05,143846.14,107.02,34
36.414,21,125.01,741.62,506.76,24604.03,8120.84,13462.77,514.2,17,239.04,84022.13,94.01,30
36.764,33,166.02,799.89,559.93,24632.81,8473.57,14803.44,552.23,24,238.04,99213.63,117.02,29
37.114,20,173.02,863.2,602.07,24992.35,9052.5,14830.68,577.25,15,167.02,95252.65,102.02,25
37.464,24,142.01,749.66,601.07,24586.77,8418.93,14182.31,573.24,17,186.03,91402.49,77.01,19
37.814,22,168.02,798.88,549.89,24948.52,8956.58,15053.16,564.24,23,258.05,100680.21,111.02,48
38.164,28,220.04,941.62,687.4,25346.82,9425.1,19437.14,624.29,25,277.06,126469.22,111.02,45
38.514,34,187.03,780.8,1271.77,24575.26,8591.3,13962.01,576.25,28,331.08,112433.56,115.02,49
38.864,20,297.07,880.29,726.56,25352.6,9605.88,16088.52,614.28,21,323.08,107159.59,163.04,55
39.214,27,188.03,854.15,721.54,25294.82,11605.9,15910.78,558.23,12,238.04,106231.63,110.02,44
39.564,24,172.02,862.19,676.35,24333.74,9953.17,15308.7,698.36,36,277.06,108595.2,100.02,50
39.914,49,225.04,1021.07,716.52,25357.22,9839.8,16660.23,610.28,33,285.06,115396.75,128.02,51
40.264,32,218.04,950.67,689.4,25188.55,9701.1,15995.24,708.37,32,290.06,106117.06,108.02,57
40.614,22,206.03,807.93,723.55,24465.96,9202.29,17623.13,700.36,34,302.07,113608.87,98.01,43
40.964,28,214.03,857.17,832.04,25471.69,10626.42,16022.67,572.24,40,198.03,106311.1,112.02,23
41.314,29,200.03,912.46,732.59,24495.87,9910.78,15829.66,650.31,29,189.03,106212.61,97.01,33
41.665,31,194.03,978.83,789.84,25660.3,9865.22,16150,579.25,33,210.03,106833.93,84.01,33
42.015,31,208.03,812.95,651.25,24615.54,9146.37,14722.81,592.26,23,206.03,104122.29,115.02,29
42.365,30,233.04,901.4,662.3,25101.96,10013.59,16077.54,628.29,40,192.03,109508.33,117.02,21
42.715,21,187.03,930.55,712.5,24499.32,9467.37,15424.58,611.28,23,151.02,97777.84,100.02,24
43.065,28,166.02,842.09,648.24,25211.65,9618.57,22700.56,683.35,28,123.01,103565.71,67.01,26
43.415,24,186.03,829.03,597.05,25035.03,9352.21,15848.29,600.27,27,124.01,103743.05,119.02,25
43.765,25,194.03,817.97,656.27,24779.07,10344.7,16312.59,600.27,23,145.02,101835.7,89.01,21
44.115,24,240.04,901.4,649.25,25030.42,9669.36,15936.01,569.24,34,164.02,106448.7,106.02,37
44.465,34,237.04,868.22,612.11,25232.44,9710.63,15846.1,604.27,27,155.02,101657.46,102.02,25
44.815,28,165.02,866.21,626.16,24954,9583.67,14594.33,639.3,12,136.01,98465.41,104.02,22
45.165,24,185.03,830.03,567.95,24934.68,9284.62,15231.12,597.26,33,159.02,101962.05,83.01,22
45.515,28,221.04,958.71,696.43,25729.78,10089.94,15362.25,680.34,29,223.04,104372.59,77.01,26
45.865,33,201.03,854.15,627.16,25411.56,10328.76,15896.53,631.3,48,249.05,105935.08,108.02,58
46.215,22,144.02,960.72,670.33,24916.23,10067.67,15781.44,622.29,29,300.07,106801.52,107.02,46
46.565,44,176.02,1011.01,525.82,24962.36,10216.21,16243.36,711.38,11,226.04,99502.94,88.01,33
46.915,24,188.03,741.62,541.87,24878.19,9782.61,15876.79,648.31,30,222.04,107257.55,107.02,27
47.265,44,209.03,940.61,598.06,24803.27,10360.63,15250.79,719.38,22,175.02,104976.31,93.01,27
47.615,34,196.03,1040.19,577.99,25692.73,10240.63,15227.84,613.28,33,167.02,103556.06,98.01,42
47.965,31,203.03,890.34,456.62,24953.13,9867.34,14993.15,615.28,28,198.03,121016.02,93.01,36
48.315,24,184.03,866.21,559.93,25347.98,10412.69,15062.98,642.31,25,170.02,100204.71,97.01,26
48.665,26,187.03,948.65,517.79,25311,10487.1,14811.06,559.23,29,165.02,101584.15,71.01,41
49.015,11,178.02,812.95,432.55,25389.59,10164.21,14568.21,628.29,30,99.01,99090.66,68.01,16
49.365,20,188.03,867.22,474.67,24788.29,10251.24,15022.6,630.29,14,112.01,101125.98,84.01,34
49.715,33,161.02,927.54,537.86,24920.85,10566.85,15587.59,641.31,24,168.02,106638.73,75.01,26
50.066,25,148.02,893.35,531.84,25213.96,10811.65,15034.61,660.32,25,178.02,105686.13,108.02,18
50.416,25,184.03,908.43,465.64,25299.44,10653.02,15493.48,750.42,32,121.01,103645.18,81.01,42
50.766,21,182.02,1234.49,478.68,25369.94,11125.07,15036.79,669.33,14,138.01,97739.27,72.01,32
51.116,40,164.02,851.14,491.71,24758.34,10681.76,14295.28,708.37,21,112.01,97329.4,74.01,31
51.466,38,168.02,896.37,434.56,24999.27,10743.5,14794.72,797.47,24,191.03,102979.66,83.01,25
51.816,26,151.02,859.18,451.6,25279.8,10318.14,15512.08,751.42,21,201.03,108587.7,91.01,29
52.166,34,162.02,867.22,462.63,24996.96,10750.95,14592.16,770.44,18,145.02,98698.3,66.01,32
52.516,30,191.03,840.08,433.56,25091.58,11545.99,14419.19,841.53,18,148.02,104323.38,86.01,13
52.866,25,148.02,820.99,413.51,26129.8,11185.9,15011.69,778.45,20,97.01,120819.66,96.01,12
53.216,28,143.02,849.13,378.42,25092.73,10793.54,15291.21,772.44,27,178.02,102850.9,82.01,42
53.566,31,130.01,870.23,448.6,25428.9,10506.23,16786.93,852.54,21,224.04,97432.35,85.01,46
53.916,27,143.02,921.5,387.44,25259,12137.41,15587.59,935.65,24,244.04,100998.64,82.01,48
54.266,24,147.02,937.59,404.48,24918.54,11019.47,15942.59,940.66,35,192.03,172228.47,98.01,40
54.616,28,111.01,871.24,383.43,25328.33,11196.58,13888.28,981.71,20,195.03,105989.1,89.01,30
54.966,30,155.02,872.24,308.28,25282.11,10902.21,16627.2,847.53,11,133.01,121307.04,96.01,30
55.316,36,146.02,1006.99,360.38,25467.06,11691.51,16182.94,889.59,26,134.01,165279.84,121.02,20
55.666,11,132.01,1011.01,335.33,25679.99,12389.8,16369.75,863.55,38,107.01,106975.73,108.02,24
56.016,38,137.01,1143.86,333.33,25005.04,11938.97,15902.01,960.68,28,128.01,102856.16,79.01,23
56.366,37,143.02,979.83,363.39,25216.27,12362.93,15468.32,866.56,18,110.01,112983.53,92.01,20
56.716,38,151.02,998.94,343.35,25911.71,12544.64,16254.35,1005.75,24,98.01,107802.6,120.02,18
57.066,42,148.02,861.19,333.33,25389.59,12169.61,23009.53,1077.86,28,105.01,100457.6,97.01,9
57.416,18,104.01,916.48,291.25,24633.96,11064.26,14874.28,879.57,17,87.01,96786.48,108.02,13
57.766,35,138.01,912.46,321.31,24529.23,12505.92,15779.24,1007.75,18,105.01,103895.74,82.01,17
58.116,24,199.03,1034.15,290.25,25419.65,11451.89,15340.39,1109.91,20,116.01,106565.68,103.02,13
58.466,24,111.01,956.7,277.23,25449.71,11584.5,15574.46,998.74,16,59,92781.66,85.01,9
58.817,20,109.01,912.46,246.18,24875.88,10939.51,15249.69,1012.76,25,63,100108.81,90.01,10
59.166,20,114.01,966.76,276.23,25450.87,11044,14707.57,1055.83,25,78,92246.88,87.01,14
59.517,35,147.02,1003.97,270.22,24881.64,11571.66,14309.4,1014.76,19,97.01,107631.43,98.01,12
59.867,28,103.01,1094.53,288.25,25446.25,11685.09,15532.87,1181.03,22,160.02,107778.85,113.02,43
60.217,23,101.01,1096.54,280.23,25786.54,11380.28,15827.46,1236.13,35,183.02,104256.41,84.01,19
60.567,39,117.01,1046.23,269.21,25791.18,11350.36,15089.17,1151.98,14,76,101172.5,103.02,11
60.917,24,95.01,945.64,281.23,25203.56,10858.52,14596.51,1098.9,20,112.01,95929.51,76.01,20
61.267,18,96.01,963.74,269.21,24556.85,10331.95,14765.3,1083.87,19,155.02,99598.93,88.01,25
61.617,24,141.01,994.92,303.27,24950.82,10919.26,15639.04,1228.12,22,174.02,102754.91,119.02,32
61.967,29,133.01,1026.1,293.25,25038.49,11206.19,16264.24,1217.1,25,157.02,103706.17,118.02,26
62.317,22,135.01,932.57,348.36,25279.8,10727.53,15104.45,1328.31,14,141.01,102124.66,94.01,21
62.667,18,155.02,999.95,381.43,25013.11,11282,15655.47,1342.34,34,137.01,112242.65,83.01,36
63.017,39,160.02,1032.14,372.41,25003.88,14382.99,16494.03,1357.37,14,123.01,105507.8,113.02,31
63.367,21,117.01,1037.17,395.46,25135.44,11273.45,15830.75,1433.52,22,102.01,103165.76,87.01,35
63.717,41,153.02,1071.38,451.6,25640.63,11891.81,16343.36,1526.73,21,148.02,102739.55,111.02,25
64.067,40,167.02,1031.14,452.61,24969.28,10858.52,16197.22,1558.8,18,99.01,103813.86,74.01,22
64.417,25,179.02,935.58,440.57,24721.47,10757.34,14642.23,1433.52,27,120.01,96530.55,81.01,15
64.767,16,136.01,1024.09,392.46,25082.35,10572.17,15617.15,1340.33,17,108.01,153448.09,92.01,19
65.117,30,134.01,1386.66,417.52,25259,11071.73,15675.18,1392.44,26,149.02,101780.24,94.01,40
65.467,35,132.01,1159.97,400.47,25597.79,11582.36,16398.34,1444.55,22,184.03,94670.27,127.02,25
65.817,17,137.01,984.86,361.39,25016.57,10271.42,14745.69,1288.23,26,164.02,92935.88,96.01,14
66.167,17,113.01,930.55,406.49,24896.63,9667.24,14154.08,1264.19,17,109.01,93259.57,89.01,13
66.517,17,123.01,1126.74,334.33,24656.99,10404.19,14852.48,1337.33,27,88.01,94621.77,92.01,9
66.867,24,106.01,1022.08,390.45,25475.16,11489.31,15675.18,1385.42,14,132.01,98063.32,124.02,22
67.218,23,137.01,1050.25,329.32,24642.02,9899.12,14704.3,1380.41,21,212.03,94553.82,83.01,34
67.568,19,128.01,1078.43,425.54,25159.68,10112.22,15598.54,1661.05,15,208.03,100480.1,111.02,33
67.918,26,145.02,1014.03,409.5,25101.96,11214.73,15836.23,1442.54,30,176.02,102210.65,107.02,36
68.268,30,130.01,1054.28,418.52,25140.05,10053.88,15861.45,1508.69,21,159.02,89294.94,110.02,21
68.618,31,120.01,950.67,370.41,24814.79,10206.66,15599.63,1486.64,14,167.02,87438.66,110.02,25
68.968,22,123.01,1050.25,332.33,25009.65,10330.89,14159.51,1383.42,16,201.03,93276.9,101.02,38
69.318,25,111.01,1058.3,386.44,25546.88,10150.41,15368.81,1580.85,23,175.02,101532.18,118.02,34
69.668,38,151.02,1064.34,405.49,25372.25,10390.38,15552.57,1264.19,19,131.01,97270.91,121.02,19
70.018,29,149.02,1038.18,311.29,25301.75,10872.37,15622.62,1224.11,18,142.01,111819.48,77.01,25
70.368,29,131.01,1098.56,320.3,25394.21,10698.79,15715.7,1318.29,24,146.02,101863.47,88.01,29
70.718,29,109.01,1082.45,373.41,25758.74,10618.97,15455.2,1404.46,19,212.03,98014.83,78.01,45
71.068,32,107.01,1065.35,340.34,25526.05,10363.82,14815.42,1350.35,25,168.02,93769.09,91.01,23
71.418,16,116.01,948.65,309.28,25433.52,10396.75,14696.68,1345.34,16,105.01,87986.49,105.02,21
71.768,30,103.01,1030.13,296.26,25305.22,9773.08,14645.5,1254.17,24,104.01,82916.83,77.01,14
72.118,31,106.01,1018.06,231.16,25558.45,10318.14,15368.81,1377.41,20,90.01,96458.67,99.01,18
72.468,25,98.01,969.77,301.27,24957.75,10586,15012.78,1519.71,17,106.01,92465.11,107.02,31
72.818,31,111.01,1091.51,239.17,24924.3,10322.39,14958.24,1526.73,25,120.01,98323.97,93.01,25
73.168,22,83.01,1048.24,287.24,25141.21,10962.96,15629.19,1452.56,23,106.01,95955.67,104.02,32
73.518,36,110.01,1021.07,227.15,25078.88,10985.35,14818.69,1540.76,16,90.01,95180.14,100.02,19
73.868,15,107.01,961.73,296.26,24934.68,10887.29,15351.32,2086.23,15,88.01,86492.4,77.01,16
74.218,23,88.01,995.92,256.19,25626.73,11299.08,14339.83,1466.59,15,72,93424.32,80.01,19
74.568,30,81,1051.26,229.16,24850.52,10678.56,14617.19,1373.4,12,127.01,90530.08,89.01,39
74.918,25,85.01,1024.09,210.13,24962.36,10568.98,15108.82,1493.65,18,138.01,88105.52,103.02,24
75.268,20,80,1030.13,245.18,25023.5,10629.61,14654.21,1503.68,20,129.01,83654.77,82.01,18
75.618,23,91.01,997.94,249.18,25259,10544.51,13713.84,1562.81,17,111.01,84239.29,69.01,8
75.969,29,71,1074.4,201.12,25652.2,10328.76,14377.87,1557.8,13,129.01,90087.35,79.01,44
76.319,22,96.01,956.7,237.17,25089.27,10419.07,15130.65,1456.57,19,169.02,86614.11,77.01,42
76.669,27,88.01,1012.02,203.12,25431.21,10892.62,15794.58,1495.66,26,136.01,84675.23,80.01,21
77.019,20,82,1112.65,217.14,25066.19,10795.67,15482.54,1386.43,14,146.02,90907.35,106.02,22
77.369,32,93.01,1032.14,228.15,25500.6,10811.65,14962.61,1298.25,12,158.02,87132.47,94.01,19
77.719,28,67,927.54,201.12,25247.45,10654.09,14351.79,1336.32,19,106.01,89229.3,88.01,11
78.069,26,92.01,1025.1,173.09,25312.15,11108,15126.29,1476.62,19,103.01,85158.23,91.01,18
78.419,31,94.01,988.88,192.11,24968.12,10923.52,14327.88,1564.82,15,143.02,86526.95,80.01,26
78.769,38,97.01,1001.96,320.3,25224.35,10614.72,14552.98,1554.79,7,119.01,80042.05,109.02,22
79.119,25,74,1052.26,196.11,25483.25,10572.17,15239.86,1571.83,16,94.01,88228.13,94.01,16
79.469,41,112.01,1050.25,233.16,25028.11,11056.8,15057.52,1668.06,19,75,82047.27,79.01,11
79.819,31,100.01,947.65,213.13,24242.96,10854.26,14345.26,1546.77,13,71,79248.74,62.01,15
80.169,42,87.01,975.81,210.13,25149.29,10615.78,14419.19,1560.81,18,103.01,74189.97,73.01,16
80.519,37,96.01,875.26,191.11,25023.5,10126.01,13903.46,1579.85,16,93.01,77644.1,68.01,15
80.869,28,84.01,1026.1,210.13,24968.12,10983.22,14797.98,1402.46,15,123.01,84801.41,58.01,20
81.219,36,80,1009,185.1,25315.62,10838.28,14720.64,1239.14,16,116.01,78162.46,68.01,8
81.569,34,107.01,1017.05,208.13,24722.63,10340.45,14901.54,1097.89,10,56,83355.8,69.01,8
81.919,28,93.01,927.54,203.12,25182.78,10471.15,13934.9,938.65,14,101.01,84505.93,62.01,16
82.269,35,94.01,964.74,207.13,25736.73,11185.9,14923.34,830.51,21,142.01,82873.7,69.01,22
82.619,35,88.01,984.86,188.1,25798.13,10951.24,14485.53,661.32,17,218.04,79852.2,67.01,35
82.969,45,76,910.45,195.11,24856.28,10852.13,14812.15,598.27,14,205.03,86590.71,73.01,34
83.319,38,89.01,1009,186.1,24999.27,10834.02,14948.43,571.24,19,111.01,82399.36,61.01,12
83.669,17,110.01,1010.01,192.11,24715.71,10488.16,14111.74,547.22,20,166.02,88329.03,74.01,24
84.019,26,104.01,845.11,175.09,25228.97,10466.9,14125.85,479.17,13,146.02,82479.99,92.01,9
84.37,56,94.01,952.68,186.1,24655.84,10605.14,14814.33,557.23,8,149.02,88425.29,97.01,41
84.72,44,99.01,967.76,221.14,24475.16,11111.2,15686.13,596.26,23,251.05,86291.93,69.01,45
85.07,51,95.01,850.13,169.08,24480.91,10142.99,14345.26,574.24,13,192.03,92287.5,63.01,22
85.42,46,88.01,987.88,183.1,25007.35,10852.13,15620.43,641.31,10,122.01,88597.54,71.01,24
85.77,40,95.01,876.27,162.08,24446.41,10586,14736.98,610.28,16,166.02,91480.36,103.02,25
86.12,65,88.01,907.43,225.15,25827.1,10923.52,15200.54,690.35,12,126.01,86983.88,87.01,25
86.47,62,76,847.12,161.08,24563.75,10096.31,13458.44,741.41,16,149.02,89650.42,96.01,26
86.82,46,80,951.67,211.13,25299.44,10665.79,15036.79,832.51,7,167.02,85743.12,89.01,21
87.17,42,77,811.95,173.09,24326.85,9876.87,12699.86,866.56,12,90.01,74193.98,97.01,23
87.52,54,97.01,972.79,213.13,25397.68,10536.01,14675.98,963.69,4,59,84773.1,92.01,12
87.87,38,87.01,926.53,171.09,24965.82,10484.97,14138.88,911.62,23,61,81266.73,79.01,6
88.22,49,86.01,872.24,149.07,25361.85,10415.88,14393.09,996.74,22,88.01,79444.21,87.01,14
88.57,29,86.01,931.56,152.07,24892.02,11245.69,14807.79,1035.8,17,170.02,83543.59,86.01,17
88.92,46,67,1062.33,162.08,25270.56,11010.94,14463.77,1153.99,17,106.01,77349.16,84.01,15
89.27,32,87.01,900.39,145.06,24917.38,9862.04,13755,1051.82,11,106.01,77155.74,64.01,15
89.62,17,92.01,986.87,150.07,25492.51,10744.56,14202.94,1116.93,14,124.01,79959,59.01,11
89.97,34,88.01,869.23,143.06,24637.42,10163.14,13583.93,1182.04,11,84.01,73144.95,78.01,19
90.32,30,74,1025.1,151.07,25501.76,10884.09,14463.77,1305.26,16,203.03,80208.58,74.01,35
90.67,33,81,973.8,148.06,24995.81,10375.5,14399.62,1221.11,21,139.01,74992.65,55,21
91.02,32,65,989.89,150.07,24698.44,10761.6,14200.77,1346.34,8,97.01,74490.98,55,12
91.37,22,65,976.81,137.06,24934.68,10548.77,14073.75,1245.15,9,152.02,73198.88,62.01,27
91.72,21,75,1038.18,145.06,24805.58,11479.69,14349.61,1347.35,20,139.01,73646.25,71.01,13
92.07,21,74,949.66,152.07,25125.05,10772.25,13898.04,1265.19,18,203.03,69883.6,74.01,33
92.42,21,87.01,1047.23,161.08,25091.58,10855.32,14394.18,1326.3,9,197.03,74504.47,74.01,49
92.771,28,83.01,1004.98,118.04,25146.98,11125.07,14142.14,1248.16,9,173.02,72032.59,84.01,23
93.121,33,105.01,1126.74,125.05,24990.04,11294.81,14657.48,1263.18,16,115.01,74843.26,66.01,24
93.471,23,76,938.6,127.05,25483.25,11768.61,14100.89,1230.12,7,64,71555.39,82.01,8
93.821,32,88.01,1090.51,129.05,24771.01,11290.54,13290.9,1187.05,8,63,68435.14,38,10
94.171,31,95.01,1015.04,139.06,25174.69,11417.68,13697.59,1206.08,3,121.01,66487.6,54,19
94.521,22,74,962.73,144.06,24935.83,11724.7,14591.07,1156.99,15,96.01,72262.88,68.01,9
94.871,34,76,1001.96,178.09,25265.94,14659.32,13655.37,1090.88,19,130.01,70156.58,70.01,21
95.221,33,81,990.9,118.04,24629.35,11172.03,14467.04,1044.81,9,117.01,71504.41,86.01,14
95.571,25,76,954.69,130.05,24553.39,10901.14,13875.28,1014.76,15,66,69324.52,64.01,11
95.921,23,64,914.47,130.05,24819.4,10148.29,12784.94,963.69,11,87.01,67836.32,57,15
96.271,27,68,892.35,105.03,24614.39,11539.57,14489.88,1026.78,15,73,71824.53,74.01,10
96.621,31,97.01,919.49,121.04,24941.6,11728.99,14452.9,1022.78,11,97.01,70330.97,64.01,15
96.971,20,95.01,1015.04,132.05,24840.15,11626.23,13919.72,1067.85,14,116.01,71860.78,51,21
97.321,34,68,926.53,102.03,25450.87,11684.02,14400.7,951.67,14,99.01,71624.87,80.01,19
97.671,14,83.01,1045.22,129.05,25456.65,11715.07,15585.4,1117.93,18,123.01,76864.73,67.01,27
98.021,35,94.01,953.68,158.07,25259,11320.45,14312.66,853.54,13,205.03,77284.15,91.01,25
98.371,32,95.01,1023.09,141.06,25675.36,11416.61,15885.56,1084.87,13,176.02,78891.47,66.01,29
98.721,20,78,1117.68,213.13,25825.94,12148.14,15709.13,984.72,15,214.03,76058.92,90.01,28
99.071,21,88.01,1035.16,160.08,25579.28,11258.5,14018.42,926.64,25,138.01,73192.8,64.01,11
99.421,30,78,1025.1,195.11,24552.24,11783.6,13881.78,910.62,22,120.01,80817.58,75.01,14
99.771,21,98.01,1014.03,148.06,25474,11722.56,14432.24,912.62,12,74,76280.11,74.01,11
100.121,22,97.01,961.73,167.08,25280.96,12278.06,14783.82,880.58,25,83.01,76496.2,99.01,13
100.471,22,99.01,957.71,174.09,25082.35,11586.64,13812.42,938.65,8,120.01,78358.46,90.01,19
100.821,28,102.01,949.66,166.08,25000.42,11620.88,14799.08,960.68,19,109.01,76208.67,74.01,16
101.171,21,71,1085.47,177.09,25224.35,11584.5,14937.52,957.68,9,89.01,80163.66,69.01,17
101.522,30,126.01,981.84,157.07,25073.11,12091.27,14794.72,943.66,10,77,79615.92,70.01,9
101.872,27,90.01,1431.03,174.09,24632.81,11430.51,14122.6,964.69,15,73,72447.1,76.01,11
102.222,38,101.01,926.53,181.1,24893.17,11776.1,14219.23,1037.8,11,88.01,79376.26,77.01,16
102.572,21,77,927.54,179.09,25216.27,11712.93,14309.4,905.61,14,120.01,76994.38,70.01,29
102.922,25,112.01,995.92,226.15,24958.9,12002.23,15389.58,922.63,16,139.01,81854.3,70.01,19
103.272,33,101.01,1088.49,176.09,25785.38,11847.88,14970.24,911.62,11,83.01,80475.22,72.01,20
103.622,36,117.01,999.95,180.1,25008.5,11593.06,14805.61,946.66,13,117.01,77718.22,79.01,19
103.972,23,77,931.56,157.07,25014.27,10949.1,14096.55,854.54,14,86.01,75137.75,88.01,14
104.322,31,129.01,887.32,180.1,25263.62,11559.89,14377.87,966.69,19,156.02,78760.83,103.02,38
104.672,37,86.01,1033.15,177.09,25353.76,12061.23,14995.33,991.73,18,228.04,80172.77,81.01,33
105.022,27,75,958.71,168.08,25098.5,11242.49,13860.1,837.52,17,134.01,73651.78,66.01,24
105.372,35,81,974.8,151.07,24787.14,11353.57,13484.4,903.61,12,117.01,79004.61,91.01,23
105.722,38,85.01,930.55,169.08,24437.21,11500,14593.25,928.64,14,111.01,78061.73,79.01,22
106.072,22,107.01,1057.3,143.06,25551.51,11771.82,14636.79,1005.75,21,166.02,79348.04,87.01,27
106.422,45,80,1046.23,142.06,25469.37,12654.4,14623.73,1028.79,20,260.05,82427.13,90.01,35
106.772,31,71,978.83,176.09,25210.49,12264.1,14954.97,955.68,25,208.03,77290.22,108.02,42
107.122,27,87.01,937.59,135.05,24819.4,12128.82,14921.16,915.62,12,184.03,80110.45,106.02,29
107.472,34,74,1058.3,137.06,25082.35,12544.64,15086.99,925.64,8,127.01,78285.6,85.01,15
107.822,32,85.01,952.68,145.06,25085.81,12044.06,13902.38,961.69,24,103.01,78160.67,88.01,21
108.172,35,87.01,1013.03,150.07,25245.14,12712.53,14877.55,1000.74,13,95.01,76577.2,99.01,20
108.522,38,97.01,1092.52,139.06,25158.53,12581.22,14046.63,888.59,9,119.01,78187.46,97.01,16
108.872,37,92.01,920.5,135.05,24313.05,11671.18,13547.14,936.65,12,103.01,77123.95,92.01,21
109.222,24,94.01,914.47,127.05,25114.66,11564.17,14381.13,976.71,2,97.01,74153.89,96.01,11
109.572,38,83.01,998.94,141.06,25708.94,12998.11,15447.54,1020.77,9,51,81047.69,82.01,9
109.923,43,72,920.5,139.06,24772.16,12174.98,13876.36,935.65,18,83.01,75699.96,84.01,17
110.273,42,101.01,998.94,134.05,24651.23,12401.62,14384.4,972.7,25,80,77062.96,99.01,20
110.623,35,79,878.28,121.04,25129.67,12210.4,14124.77,1031.79,19,111.01,75616.73,127.02,18
110.973,39,82,860.18,138.06,25513.33,12230.81,13490.89,1015.77,25,114.01,78357.39,98.01,18
111.323,33,80,991.9,130.05,25140.05,12644.71,13950.08,1048.82,5,109.01,74735.38,107.02,10
111.673,27,74,938.6,128.05,24905.86,12487.63,14821.96,1087.88,16,89.01,71309.3,97.01,18
112.023,41,71,956.7,176.09,25183.93,13356.54,15050.97,1141.97,13,134.01,69236.92,94.01,38
112.373,23,58,940.61,139.06,24586.77,12187.86,12628.81,1124.94,14,115.01,72596.94,92.01,18
112.723,45,76,856.16,140.06,24800.96,12943.11,13695.43,1214.09,17,162.02,73442.56,119.02,33
113.073,49,78,1020.07,186.1,24949.67,13269.03,14268.11,1263.18,19,200.03,72436.65,107.02,14
113.423,38,105.01,965.75,173.09,25080.04,13343.58,14753.32,1236.13,14,115.01,73848.59,76.01,24
113.773,23,86.01,919.49,167.08,25038.49,12672.7,14281.15,1203.07,16,123.01,74401.16,107.02,34
114.123,48,91.01,1046.23,136.05,25469.37,13338.17,14545.36,1371.39,12,186.03,78399.72,98.01,21
114.473,26,83.01,859.18,147.06,24924.3,12677,14108.48,1285.23,12,174.02,75287.77,74.01,22
114.823,26,87.01,985.87,148.06,25493.66,13341.42,15213.64,1253.16,21,160.02,72561.22,115.02,31
115.173,25,63,983.85,108.03,25435.84,13472.22,14532.31,1381.42,21,130.01,77830.37,100.02,16
115.523,34,75,1038.18,128.05,25364.16,13324.13,14874.28,1270.2,19,95.01,73854.84,82.01,28
115.873,30,94.01,945.64,129.05,25327.17,14411.26,14131.28,1316.29,10,81,75255.27,102.02,16
116.223,44,84.01,1033.15,148.06,26042.77,14868.49,15411.45,1234.13,9,75,75038.73,94.01,14
116.573,29,70,952.68,118.04,25588.54,14041.98,14468.13,1398.45,12,76,73675.36,78.01,16
116.923,32,80,952.68,126.05,25324.86,13447.35,14072.67,1181.03,10,79,73000.64,75.01,11
117.273,21,71,925.53,149.07,24879.34,13366.27,14033.61,1298.25,8,84.01,73653.66,77.01,12
117.623,42,89.01,1019.06,110.04,24757.18,13651.83,14357.22,1273.2,16,72,73352.82,78.01,16
117.973,33,88.01,916.48,132.05,25024.65,12450,13063.09,1193.06,15,59,73896.72,85.01,7
118.323,32,74,1029.12,125.05,24783.69,13681.06,14198.6,1294.24,13,63,77479.35,77.01,22
118.674,25,75,962.73,144.06,25294.82,14814,14710.83,1234.13,18,103.01,76877.14,80.01,20
119.024,40,59,880.29,114.04,25207.03,13692.97,14087.86,1189.05,17,84.01,67524.68,77.01,20
119.374,23,75,994.92,131.05,24630.51,13333.85,13051.23,1098.9,13,110.01,73539.9,80.01,29
119.724,15,70,941.62,137.06,25250.92,13508.99,14744.6,1118.93,24,119.01,75897.13,67.01,19
120.074,24,85.01,921.5,123.04,24803.27,14252.59,13623.97,1151.98,18,90.01,72452.1,69.01,18
120.424,37,72,1009,106.03,25487.88,14900.1,14851.39,1174.02,14,152.02,75717.64,72.01,31
120.774,21,77,1054.28,129.05,25495.98,13880.4,13972.86,1150.98,21,215.03,76029.01,82.01,37
121.124,28,51,1056.29,125.05,25620.95,14329.73,14697.77,1244.15,11,197.03,70581.27,64.01,30
121.474,21,68,906.42,124.05,25287.89,14084.3,13941.41,1122.94,13,178.02,69977.54,51,34
121.824,35,65,1019.06,108.03,25067.34,13716.8,15017.15,1129.95,11,129.01,68415.05,67.01,16
122.174,29,78,900.39,111.04,24674.26,14326.47,13718.17,1035.8,18,104.01,70924.25,59.01,8
122.524,30,85.01,988.88,102.03,24938.14,13951.96,14235.52,1059.83,10,107.01,70305.7,76.01,22
122.874,39,76,916.48,116.04,24926.61,13854.39,13748.5,914.62,13,76,68290.57,75.01,14
123.224,17,67,963.74,145.06,25161.99,14197.2,14116.08,1011.76,17,88.01,70149.88,79.01,11
123.574,33,76,1053.27,125.05,24609.79,13912.92,13632.63,942.66,18,84.01,71595.48,65.01,11
123.924,34,77,967.76,135.05,25152.76,14250.42,13977.2,995.74,15,48,70658.69,69.01,6
124.274,25,68,923.52,135.05,24741.06,14565.71,13223.93,907.61,10,77,68545.15,97.01,14
124.624,26,84.01,930.55,131.05,24513.12,12943.11,12637.42,904.61,12,56,59817.13,57,7
124.974,35,61,868.22,112.04,25254.39,13994.25,13397.89,893.59,10,70,66215.43,72.01,6
125.324,22,75,1058.3,110.04,25220.89,13775.29,14431.15,948.67,15,103.01,68529.52,85.01,15
125.674,20,53,924.52,104.03,24814.79,13922.68,13668.36,840.52,9,76,62503.59,68.01,9
126.024,31,67,901.4,118.04,24561.45,13891.24,12964.94,800.48,14,55,63935.54,75.01,18
126.374,18,87.01,903.41,128.05,24971.59,14988.44,14666.19,915.62,25,116.01,64764.38,83.01,21
126.724,28,80,898.38,115.04,25356.07,14390.6,13869.86,869.56,16,129.01,64802.41,55,32
127.075,33,67,1023.09,128.05,25081.19,14595.1,14723.91,775.45,21,159.02,68153.41,75.01,27
127.425,49,42,1038.18,135.05,24928.92,14902.29,13947.92,770.44,15,153.02,67602.81,82.01,28
127.775,27,70,913.46,114.04,25105.43,13626.93,14233.35,733.4,17,90.01,64365.67,112.02,22
128.125,29,73,1054.28,133.05,25311,14518.93,14296.36,792.47,12,106.01,63719.53,70.01,23
128.475,21,80,917.48,92.03,24803.27,12824.55,13303.87,710.37,7,89.01,60656.78,64.01,9
128.825,18,75,925.53,120.04,24774.46,12859.03,13290.9,697.36,16,105.01,59035.71,78.01,18
129.175,19,91.01,935.58,137.06,24834.39,13341.42,13430.33,699.36,11,223.04,64912.96,74.01,32
129.525,30,61,991.9,114.04,25073.11,14155.94,14790.36,789.46,18,146.02,63678.27,80.01,19
129.875,30,80,892.35,151.07,24623.6,13502.5,13933.82,732.4,7,111.01,61021.46,93.01,10
130.225,15,70,973.8,137.06,24532.68,13882.57,13891.54,723.39,12,109.01,64528.99,74.01,22
130.575,31,68,929.55,120.04,24802.12,13668.07,14225.75,694.36,15,89.01,64107.79,71.01,16
130.925,20,69,943.63,156.07,25017.73,13687.56,13801.58,697.36,15,105.01,72570.59,77.01,20
131.275,21,87.01,1106.61,187.1,25693.88,14747.54,15249.69,646.31,18,98.01,70214.62,62.01,17
131.625,34,115.01,1009,173.09,25828.26,14252.59,15812.12,657.32,18,69,66522.7,64.01,16
131.975,37,99.01,1072.39,175.09,25232.44,14048.49,15494.58,618.28,21,81,65827.62,79.01,14
132.325,30,81,933.57,168.08,25294.82,14522.19,14474.65,611.28,18,57,64946.72,101.02,6
132.675,22,87.01,924.52,171.09,25279.8,13944.37,13979.37,619.28,13,74,69218.98,90.01,16
133.025,33,98.01,985.87,188.1,25268.25,13217.19,14826.32,556.23,21,101.01,69739.3,75.01,18
133.375,23,79,933.57,158.07,25330.64,13564.17,12942.29,562.23,18,77,60857.96,56,14
133.725,23,72,885.31,150.07,24536.13,13357.63,13662.94,523.2,15,113.01,62273.39,55,25
134.075,29,96.01,984.86,181.1,25177,13731.96,14057.48,515.2,17,96.01,60543.11,40,16
134.425,34,58,889.33,143.06,24635.11,13430.05,12364.24,473.17,13,51,58878.91,51,13
134.775,40,82,868.22,157.07,24818.25,14030.05,13346.01,446.15,14,133.01,63908.93,53,21
135.125,28,58,914.47,132.05,24261.35,12380.13,12749.4,471.16,20,131.01,60602.58,56,21
135.476,16,72,896.37,125.05,24616.7,13970.39,14068.33,427.14,23,105.01,62853.27,45,22
135.826,36,51,941.62,132.05,24809.03,14727.93,13822.17,445.15,38,132.01,62713.61,42,25
136.176,29,82,907.43,116.04,25306.38,14580.95,13282.26,496.18,32,102.01,62417.24,78.01,15
136.526,36,83.01,940.61,130.05,24879.34,13690.81,13631.55,436.14,39,86.01,63374.31,43,24
136.876,32,68,887.32,132.05,25274.02,13566.33,14163.85,415.13,29,116.01,63105.27,58.01,24
137.226,35,64,960.72,114.04,24558,14367.77,13878.53,459.16,24,104.01,59022.14,37,18
137.576,22,66,902.4,114.04,24817.1,14492.82,13063.09,537.21,26,111.01,65539.64,37,30
137.926,30,76,951.67,111.04,25550.35,13919.42,13769.08,454.15,38,75,59836.96,38,11
138.276,23,71,899.39,116.04,25196.63,14160.28,13926.23,496.18,48,55,65124.59,61.01,8
138.626,19,72,916.48,111.04,24387.77,14396.04,16554.55,540.22,34,80,62454.39,35,20
138.976,25,81,952.68,117.04,24654.68,14499.34,14242.04,471.16,38,64,57664.57,29,13
139.326,25,71,887.32,108.03,24592.52,12894.6,12252.51,466.16,24,96.01,57917.91,42,15
139.676,23,65,929.55,116.04,24919.69,14568.98,13356.82,440.14,14,83.01,60635.8,74.01,16
140.026,21,71,926.53,107.03,25212.8,15311.61,13080.36,477.17,30,55,61843.52,33,12
140.376,28,106.01,879.28,148.06,25334.11,15042.99,14510.55,517.2,16,53,59197.33,38,23
140.726,32,83.01,882.3,113.04,25063.88,14513.49,13447.63,499.18,19,74,61455.71,31,4
141.076,16,75,927.54,123.04,24971.59,14937.18,13796.16,503.19,14,60,59947.68,47,6
141.426,31,74,928.54,127.05,24556.85,14733.38,13677.02,532.21,27,117.01,60506.41,52,33
141.776,36,81,879.28,115.04,24908.16,14492.82,13599.08,519.2,13,128.01,58789.61,32,25
142.126,45,65,885.31,126.05,24636.26,13741.71,12989.74,508.19,27,110.01,60141.01,52,18
142.476,31,79,941.62,126.05,24555.69,14068.02,13786.41,525.2,23,159.02,57772.54,37,17
142.826,24,80,833.05,104.03,24860.9,13104.92,12675.1,524.2,28,118.01,60731.07,26,23
143.176,28,68,856.16,130.05,24682.32,14529.81,14151.91,499.18,21,166.02,64619.89,51,37
143.526,31,87.01,995.92,146.06,25570.02,15771.19,14149.74,577.25,27,192.03,62904.97,32,42
143.876,28,80,889.33,128.05,25311,14382.99,13068.49,484.17,28,125.01,60158.96,40,24
144.227,24,53,904.41,148.06,24817.1,14787.84,14121.51,482.17,14,143.02,64112.52,52,33
144.577,29,71,1013.03,129.05,25235.9,15591.59,14709.75,505.19,18,140.01,62247.49,37,25
144.927,23,59,893.35,119.04,24576.41,14579.86,13652.12,489.18,12,97.01,59869.73,37,12
145.277,29,55,857.17,127.05,25200.1,14275.4,13475.75,446.15,17,86.01,58994.19,38,25
145.627,28,78,876.27,132.05,24676.56,14733.38,13877.44,460.16,13,112.01,60418.45,49,18
145.977,30,58,898.38,115.04,24769.86,14696.34,13239.05,418.13,17,117.01,58397.87,48,9
146.327,12,56,882.3,118.04,24577.56,15101.92,14117.17,455.15,13,131.01,63154.46,76.01,23
146.677,29,63,858.17,106.03,24658.14,13977.98,13212.06,426.13,8,108.01,62435.28,50,14
147.027,32,70,913.46,113.04,24677.71,14641.9,14039.03,465.16,11,82,61447.76,42,12
147.377,26,79,897.38,132.05,25218.58,15682.46,13803.75,458.16,23,70,61144.87,53,13
147.727,10,79,928.54,120.04,25269.4,14570.07,12618.05,397.12,13,66,54607.63,42,19
148.077,39,60,843.1,110.04,24585.62,14856.5,13553.63,410.12,19,102.01,62755.41,42,6
148.427,30,63,838.07,103.03,24434.91,15183.8,12847.43,411.13,5,61,60350.68,50,11
148.777,32,72,866.21,105.03,24813.64,14735.55,12892.7,394.12,14,50,62069.52,54,13
149.127,24,64,836.06,101.03,24987.73,15463.58,12635.27,395.12,6,77,59580.32,29,22
149.477,29,83.01,798.88,115.04,25361.85,15299.59,13541.73,426.13,14,93.01,64418.8,33,10
149.827,27,54,831.04,114.04,25718.2,16428.71,14223.58,408.12,17,121.01,65837.09,66.01,32
150.177,20,56,840.08,121.04,24918.54,15672.61,13440.06,455.15,13,131.01,61558.66,57,19
150.527,26,65,879.28,135.05,25103.12,14940.45,13338.45,406.12,25,83.01,57616.8,55,12
150.877,27,74,861.19,122.04,25000.42,15945.49,14200.77,441.14,23,115.01,64468.9,49,22
151.227,29,76,895.36,124.05,24757.18,15833.66,13619.65,386.11,16,120.01,64651.95,49,18
151.577,21,74,816.97,120.04,25197.79,14788.93,13812.42,401.12,17,103.01,59539.96,60.01,25
151.927,21,59,924.52,133.05,25311,15387.03,13537.4,440.14,18,97.01,64646.42,45,15
152.277,29,82,910.45,123.04,25145.83,14735.55,12761.25,418.13,5,46,61151.21,53,3
152.628,23,69,916.48,126.05,25428.9,15271.18,14138.88,440.14,10,82,65656.35,68.01,19
152.978,26,78,855.16,119.04,24524.63,14776.95,13954.42,434.14,10,100.01,69041.19,76.01,15
153.328,38,75,969.77,140.06,24822.86,15626.62,14206.2,404.12,13,132.01,70856.39,63.01,32
153.678,28,68,894.36,162.08,24955.44,14723.57,14434.41,399.12,8,193.03,70105.5,65.01,38
154.028,19,71,874.25,140.06,24812.49,14231.96,13371.95,377.11,10,135.01,71893.55,62.01,24
154.378,19,62,940.61,144.06,24999.27,14377.56,14656.39,377.11,23,98.01,68946.18,60.01,8
154.728,36,71,794.86,134.05,25002.73,14562.45,13331.96,398.12,19,80,70544.84,72.01,17
155.078,25,78,854.15,123.04,24562.6,13903.16,12627.73,382.11,14,56,65847.8,92.01,14
155.428,22,94.01,770.75,128.05,24630.51,13960.63,12989.74,359.1,6,100.01,68192.88,59.01,28
155.778,31,61,856.16,97.03,24609.79,15113.93,13561.2,335.08,13,136.01,66702.45,69.01,23
156.128,28,64,881.29,129.05,25099.65,14166.8,13466.01,359.1,21,95.01,66832.64,69.01,17
156.478,11,52,821.99,132.05,25035.03,14613.6,13350.34,371.1,23,111.01,69687.69,74.01,23
156.828,18,81,876.27,140.06,25794.66,14196.12,13525.5,372.1,16,82,68632.57,49,13
157.178,19,70,891.34,105.03,24832.08,14899.01,13531.99,360.1,20,114.01,67255.09,66.01,18
157.528,24,68,863.2,108.03,24511.97,14665.86,13437.89,410.12,23,147.02,61563.75,74.01,35
157.878,15,59,786.83,113.04,24726.09,13979.07,13925.15,374.1,7,132.01,67162.23,77.01,29
158.228,17,82,865.21,120.04,25480.94,14536.33,13173.18,383.11,12,109.01,65582.15,55,30
158.578,26,67,803.91,122.04,24547.64,13837.05,12929.36,356.09,19,121.01,62527.61,45,21
158.928,23,81,791.85,124.05,25017.73,13038.02,12031.42,333.08,15,109.01,62660.04,53,29
159.278,25,68,772.76,131.05,24534.98,13500.34,13049.07,399.12,24,143.02,64276.73,64.01,48
159.628,35,84.01,913.46,127.05,25051.19,13566.33,13438.98,392.11,20,161.02,66734.15,67.01,24
159.978,19,89.01,875.26,143.06,24764.1,14018.12,14035.78,344.09,13,86.01,70552.25,73.01,18
160.328,21,99.01,751.67,143.06,24727.23,12263.02,12913.18,373.1,11,81,67947.31,70.01,9
160.678,30,76,839.08,138.06,25036.19,13047.73,13221.77,387.11,9,52,69972.18,70.01,14
161.028,23,100.01,874.25,127.05,24840.15,13507.91,13648.87,347.09,16,61,69150.93,76.01,17
161.379,27,105.01,846.11,153.07,25552.67,13651.83,14034.69,365.1,17,84.01,71606.29,96.01,22
161.729,26,111.01,803.91,165.08,24214.25,13247.42,13855.76,358.1,15,91.01,68227.26,73.01,11
162.079,17,104.01,857.17,111.04,24948.52,13014.29,13411.95,312.07,20,60,64658.92,87.01,27
162.429,25,98.01,773.77,125.05,24396.96,12152.44,12801.1,303.07,12,59,62294.64,55,18
162.779,25,110.01,740.62,105.03,24417.66,11510.7,11940.27,289.06,18,30,57255.96,43,18
163.129,21,104.01,639.21,108.03,23774.88,11112.27,10787.33,292.06,10,60,53685.03,61.01,19
163.479,12,142.01,743.63,122.04,23543.58,11352.5,10618.08,345.09,16,135.01,48906.29,43,42
163.829,28,175.02,586.01,93.03,23356.01,10268.23,9499.22,314.07,36,232.04,44579.74,70.01,105.01
164.179,7,185.03,514.78,89.02,22874.26,8558.71,7258.94,257.05,69,509.19,32877.91,1684.25,103.01
164.529,14,156.02,325.31,67.01,21803.5,5910.75,4301.16,281.06,34,374.1,14334.62,469.33,29
164.879,5,66,126.05,53.01,20974.7,3390.73,1472.4,170.02,10,52,4767.84,273.11,7
165.229,8,31,40,60.01,20136.23,2402.99,530.83,202.03,4,32,1823.87,33,2
165.579,3,16,10,55.01,20291.25,2160.75,252.19,182.02,3,11,844.12,0,1
165.929,5,21,10,59.01,20247.42,2043.3,41,172.02,0,7,256.2,3,1
166.279,0,16,2,45.01,19992.56,2114.16,37,186.03,0,9,173.09,0,0
166.629,0,10,1,45.01,20348.57,1936.04,43.01,169.02,0,6,30,0,4
166.979,5,11,1,39,20233.94,1953.24,3,188.03,1,6,34,1,0
167.329,4,13,0,63.01,20317.09,1971.45,13,184.03,0,2,1,0,2
167.679,0,19,0,54.01,19776.17,1852.11,2,193.03,1,6,15,0,0
168.029,1,14,4,46.01,19921.9,2018,1,171.02,0,10,0,0,0
168.379,5,15,3,41,19878.17,1935.03,1,174.02,0,10,18,0,0
168.729,3,16,4,51.01,19637.27,1879.41,0,209.03,0,12,0,0,0
169.079,1,12,1,44.01,20241.81,1802.58,2,197.03,3,14,3,0,1
169.429,1,15,0,62.01,20098.06,1840.99,0,159.02,1,10,12,0,0
169.78,3,20,1,61.01,19568.98,2038.24,1,177.02,0,9,3,0,1
170.13,4,9,0,34,19736.95,1983.59,2,174.02,2,5,0,0,4
,,,,,,,,,,,,,
,,,,,,,,,,,,,
          Printed: 9/12/2012 5:52:29 PM,,,,,,,,,,,,,
